[{"model": "admin.logentry", "pk": 1, "fields": {"action_time": "2021-02-25T07:58:29.154Z", "user": 1, "content_type": 4, "object_id": "1", "object_repr": "admin", "action_flag": 2, "change_message": "[{\"changed\": {\"fields\": [\"First name\", \"Last name\"]}}]"}}, {"model": "admin.logentry", "pk": 2, "fields": {"action_time": "2021-02-25T08:18:38.939Z", "user": 1, "content_type": 7, "object_id": "1", "object_repr": "My first blog | admin", "action_flag": 1, "change_message": "[{\"added\": {}}]"}}, {"model": "admin.logentry", "pk": 3, "fields": {"action_time": "2021-02-25T08:37:47.096Z", "user": 1, "content_type": 7, "object_id": "2", "object_repr": "Second post | admin", "action_flag": 1, "change_message": "[{\"added\": {}}]"}}, {"model": "admin.logentry", "pk": 4, "fields": {"action_time": "2021-02-25T10:44:48.594Z", "user": 1, "content_type": 7, "object_id": "3", "object_repr": "Third Post | admin", "action_flag": 1, "change_message": "[{\"added\": {}}]"}}, {"model": "admin.logentry", "pk": 5, "fields": {"action_time": "2021-02-25T11:04:38.653Z", "user": 1, "content_type": 7, "object_id": "3", "object_repr": "Third Post | admin", "action_flag": 2, "change_message": "[]"}}, {"model": "admin.logentry", "pk": 6, "fields": {"action_time": "2021-02-25T11:05:40.986Z", "user": 1, "content_type": 7, "object_id": "1", "object_repr": "My first blog | admin", "action_flag": 2, "change_message": "[{\"changed\": {\"fields\": [\"Title tag\"]}}]"}}, {"model": "admin.logentry", "pk": 7, "fields": {"action_time": "2021-02-25T11:05:47.097Z", "user": 1, "content_type": 7, "object_id": "2", "object_repr": "Second post | admin", "action_flag": 2, "change_message": "[{\"changed\": {\"fields\": [\"Title tag\"]}}]"}}, {"model": "admin.logentry", "pk": 8, "fields": {"action_time": "2021-02-25T16:00:47.685Z", "user": 1, "content_type": 4, "object_id": "2", "object_repr": "bob", "action_flag": 3, "change_message": ""}}, {"model": "admin.logentry", "pk": 9, "fields": {"action_time": "2021-02-26T09:13:23.506Z", "user": 1, "content_type": 8, "object_id": "1", "object_repr": "Coding", "action_flag": 1, "change_message": "[{\"added\": {}}]"}}, {"model": "admin.logentry", "pk": 10, "fields": {"action_time": "2021-02-26T09:13:34.837Z", "user": 1, "content_type": 8, "object_id": "2", "object_repr": "Sports", "action_flag": 1, "change_message": "[{\"added\": {}}]"}}, {"model": "admin.logentry", "pk": 11, "fields": {"action_time": "2021-02-26T09:13:52.157Z", "user": 1, "content_type": 8, "object_id": "3", "object_repr": "Entertainment", "action_flag": 1, "change_message": "[{\"added\": {}}]"}}, {"model": "admin.logentry", "pk": 12, "fields": {"action_time": "2021-02-26T09:23:36.105Z", "user": 1, "content_type": 8, "object_id": "4", "object_repr": "hiking", "action_flag": 1, "change_message": "[{\"added\": {}}]"}}, {"model": "admin.logentry", "pk": 13, "fields": {"action_time": "2021-02-26T09:23:41.522Z", "user": 1, "content_type": 8, "object_id": "4", "object_repr": "hiking", "action_flag": 3, "change_message": ""}}, {"model": "admin.logentry", "pk": 14, "fields": {"action_time": "2021-02-26T09:23:46.350Z", "user": 1, "content_type": 8, "object_id": "5", "object_repr": "Hiking", "action_flag": 1, "change_message": "[{\"added\": {}}]"}}, {"model": "admin.logentry", "pk": 15, "fields": {"action_time": "2021-02-27T07:56:31.981Z", "user": 1, "content_type": 7, "object_id": "7", "object_repr": "New One | admin", "action_flag": 3, "change_message": ""}}, {"model": "admin.logentry", "pk": 16, "fields": {"action_time": "2021-02-27T07:56:31.985Z", "user": 1, "content_type": 7, "object_id": "6", "object_repr": "this is post 6 - updated | admin", "action_flag": 3, "change_message": ""}}, {"model": "admin.logentry", "pk": 17, "fields": {"action_time": "2021-02-27T07:56:31.987Z", "user": 1, "content_type": 7, "object_id": "3", "object_repr": "Third Post | admin", "action_flag": 3, "change_message": ""}}, {"model": "admin.logentry", "pk": 18, "fields": {"action_time": "2021-02-27T07:56:31.989Z", "user": 1, "content_type": 7, "object_id": "2", "object_repr": "Second post | admin", "action_flag": 3, "change_message": ""}}, {"model": "admin.logentry", "pk": 19, "fields": {"action_time": "2021-02-27T07:56:31.992Z", "user": 1, "content_type": 7, "object_id": "1", "object_repr": "My first bloggg | admin", "action_flag": 3, "change_message": ""}}, {"model": "admin.logentry", "pk": 20, "fields": {"action_time": "2021-02-28T09:29:56.568Z", "user": 1, "content_type": 4, "object_id": "4", "object_repr": "Bob", "action_flag": 2, "change_message": "[{\"changed\": {\"fields\": [\"First name\", \"Last name\"]}}]"}}, {"model": "admin.logentry", "pk": 21, "fields": {"action_time": "2021-02-28T09:30:12.943Z", "user": 1, "content_type": 4, "object_id": "4", "object_repr": "Bob", "action_flag": 3, "change_message": ""}}, {"model": "admin.logentry", "pk": 22, "fields": {"action_time": "2021-02-28T09:30:23.666Z", "user": 1, "content_type": 4, "object_id": "3", "object_repr": "bob", "action_flag": 2, "change_message": "[{\"changed\": {\"fields\": [\"First name\", \"Last name\"]}}]"}}, {"model": "admin.logentry", "pk": 23, "fields": {"action_time": "2021-03-07T07:54:58.018Z", "user": 1, "content_type": 7, "object_id": "24", "object_repr": "dasd | admin", "action_flag": 1, "change_message": "[{\"added\": {}}]"}}, {"model": "admin.logentry", "pk": 24, "fields": {"action_time": "2021-03-07T08:04:15.645Z", "user": 1, "content_type": 7, "object_id": "27", "object_repr": "dasdsa | bob", "action_flag": 1, "change_message": "[{\"added\": {}}]"}}, {"model": "admin.logentry", "pk": 25, "fields": {"action_time": "2021-03-07T08:04:35.260Z", "user": 1, "content_type": 7, "object_id": "27", "object_repr": "dasdsa | bob", "action_flag": 3, "change_message": ""}}, {"model": "admin.logentry", "pk": 26, "fields": {"action_time": "2021-03-07T08:04:35.264Z", "user": 1, "content_type": 7, "object_id": "26", "object_repr": "fdsfds | admin", "action_flag": 3, "change_message": ""}}, {"model": "admin.logentry", "pk": 27, "fields": {"action_time": "2021-03-07T08:04:50.856Z", "user": 1, "content_type": 7, "object_id": "28", "object_repr": "dsadsa | admin", "action_flag": 1, "change_message": "[{\"added\": {}}]"}}, {"model": "admin.logentry", "pk": 28, "fields": {"action_time": "2021-03-07T08:53:27.211Z", "user": 1, "content_type": 7, "object_id": "33", "object_repr": "sdasd1 | admin", "action_flag": 3, "change_message": ""}}, {"model": "admin.logentry", "pk": 29, "fields": {"action_time": "2021-03-07T08:53:27.213Z", "user": 1, "content_type": 7, "object_id": "32", "object_repr": "fas | admin", "action_flag": 3, "change_message": ""}}, {"model": "admin.logentry", "pk": 30, "fields": {"action_time": "2021-03-07T08:53:27.214Z", "user": 1, "content_type": 7, "object_id": "31", "object_repr": "dadsa | admin", "action_flag": 3, "change_message": ""}}, {"model": "admin.logentry", "pk": 31, "fields": {"action_time": "2021-03-07T08:53:45.950Z", "user": 1, "content_type": 7, "object_id": "34", "object_repr": "dsadsa | admin", "action_flag": 1, "change_message": "[{\"added\": {}}]"}}, {"model": "admin.logentry", "pk": 32, "fields": {"action_time": "2021-03-07T08:54:14.778Z", "user": 1, "content_type": 7, "object_id": "34", "object_repr": "dsadsa | admin", "action_flag": 3, "change_message": ""}}, {"model": "admin.logentry", "pk": 33, "fields": {"action_time": "2021-03-07T08:54:37.668Z", "user": 1, "content_type": 7, "object_id": "35", "object_repr": "Image Test | admin", "action_flag": 1, "change_message": "[{\"added\": {}}]"}}, {"model": "admin.logentry", "pk": 34, "fields": {"action_time": "2021-03-07T09:00:38.169Z", "user": 1, "content_type": 7, "object_id": "36", "object_repr": "Image test 2 | admin", "action_flag": 1, "change_message": "[{\"added\": {}}]"}}, {"model": "admin.logentry", "pk": 35, "fields": {"action_time": "2021-03-07T09:00:49.174Z", "user": 1, "content_type": 7, "object_id": "36", "object_repr": "Image test 2 | admin", "action_flag": 3, "change_message": ""}}, {"model": "admin.logentry", "pk": 36, "fields": {"action_time": "2021-03-07T09:01:03.618Z", "user": 1, "content_type": 7, "object_id": "37", "object_repr": "Image Test2 | admin", "action_flag": 1, "change_message": "[{\"added\": {}}]"}}, {"model": "admin.logentry", "pk": 37, "fields": {"action_time": "2021-03-07T11:18:20.308Z", "user": 1, "content_type": 9, "object_id": "1", "object_repr": "admin", "action_flag": 1, "change_message": "[{\"added\": {}}]"}}, {"model": "admin.logentry", "pk": 38, "fields": {"action_time": "2021-03-07T11:18:58.241Z", "user": 1, "content_type": 9, "object_id": "2", "object_repr": "bob", "action_flag": 1, "change_message": "[{\"added\": {}}]"}}, {"model": "admin.logentry", "pk": 39, "fields": {"action_time": "2021-03-07T11:19:05.724Z", "user": 1, "content_type": 9, "object_id": "3", "object_repr": "bonbon", "action_flag": 1, "change_message": "[{\"added\": {}}]"}}, {"model": "admin.logentry", "pk": 40, "fields": {"action_time": "2021-03-07T11:33:02.792Z", "user": 1, "content_type": 9, "object_id": "1", "object_repr": "admin", "action_flag": 2, "change_message": "[{\"changed\": {\"fields\": [\"Bio\", \"Profile pic\", \"Instagram url\", \"Twitter url\", \"Facebook url\"]}}]"}}, {"model": "admin.logentry", "pk": 41, "fields": {"action_time": "2021-03-07T11:53:38.240Z", "user": 1, "content_type": 9, "object_id": "1", "object_repr": "admin", "action_flag": 2, "change_message": "[{\"changed\": {\"fields\": [\"Instagram url\", \"Twitter url\", \"Facebook url\"]}}]"}}, {"model": "admin.logentry", "pk": 42, "fields": {"action_time": "2021-03-25T09:18:30.140Z", "user": 1, "content_type": 10, "object_id": "1", "object_repr": "Lorem Ipsum - First comment ", "action_flag": 1, "change_message": "[{\"added\": {}}]"}}, {"model": "admin.logentry", "pk": 43, "fields": {"action_time": "2021-03-25T10:00:03.271Z", "user": 1, "content_type": 10, "object_id": "2", "object_repr": "Lorem Ipsum - Second comment ", "action_flag": 1, "change_message": "[{\"added\": {}}]"}}, {"model": "admin.logentry", "pk": 44, "fields": {"action_time": "2021-04-02T09:43:46.964Z", "user": 1, "content_type": 10, "object_id": "12", "object_repr": "Belin Gezi Rehberi - fsfsa ", "action_flag": 1, "change_message": "[{\"added\": {}}]"}}, {"model": "admin.logentry", "pk": 45, "fields": {"action_time": "2021-05-06T22:00:39.748Z", "user": 1, "content_type": 7, "object_id": "50", "object_repr": "Carousel test | admin", "action_flag": 1, "change_message": "[{\"added\": {}}]"}}, {"model": "admin.logentry", "pk": 46, "fields": {"action_time": "2021-05-08T12:14:19.488Z", "user": 1, "content_type": 7, "object_id": "53", "object_repr": "Slugify Test | admin", "action_flag": 1, "change_message": "[{\"added\": {}}]"}}, {"model": "admin.logentry", "pk": 47, "fields": {"action_time": "2021-05-08T12:15:20.787Z", "user": 1, "content_type": 7, "object_id": "52", "object_repr": "Carousel test | admin", "action_flag": 2, "change_message": "[{\"changed\": {\"fields\": [\"Slug\"]}}]"}}, {"model": "admin.logentry", "pk": 48, "fields": {"action_time": "2021-05-08T12:15:30.765Z", "user": 1, "content_type": 7, "object_id": "51", "object_repr": "Carousel test 2 | admin", "action_flag": 2, "change_message": "[{\"changed\": {\"fields\": [\"Slug\"]}}]"}}, {"model": "admin.logentry", "pk": 49, "fields": {"action_time": "2021-05-08T12:15:40.579Z", "user": 1, "content_type": 7, "object_id": "50", "object_repr": "Carousel test | admin", "action_flag": 2, "change_message": "[{\"changed\": {\"fields\": [\"Slug\"]}}]"}}, {"model": "admin.logentry", "pk": 50, "fields": {"action_time": "2021-05-08T12:15:50.402Z", "user": 1, "content_type": 7, "object_id": "49", "object_repr": "This will be another test post ha | admin", "action_flag": 2, "change_message": "[{\"changed\": {\"fields\": [\"Snippet\", \"Slug\"]}}]"}}, {"model": "admin.logentry", "pk": 51, "fields": {"action_time": "2021-05-08T12:15:54.090Z", "user": 1, "content_type": 7, "object_id": "49", "object_repr": "This will be another test post ha | admin", "action_flag": 2, "change_message": "[]"}}, {"model": "admin.logentry", "pk": 52, "fields": {"action_time": "2021-05-08T12:16:00.399Z", "user": 1, "content_type": 7, "object_id": "48", "object_repr": "Milano Gezi Rehberi | admin", "action_flag": 2, "change_message": "[{\"changed\": {\"fields\": [\"Slug\"]}}]"}}, {"model": "admin.logentry", "pk": 53, "fields": {"action_time": "2021-05-08T12:16:03.612Z", "user": 1, "content_type": 7, "object_id": "48", "object_repr": "Milano Gezi Rehberi | admin", "action_flag": 2, "change_message": "[]"}}, {"model": "admin.logentry", "pk": 54, "fields": {"action_time": "2021-05-08T12:16:12.166Z", "user": 1, "content_type": 7, "object_id": "47", "object_repr": "My fist blog post here | ElifTaskin", "action_flag": 2, "change_message": "[{\"changed\": {\"fields\": [\"IsSuggested\", \"Slug\"]}}]"}}, {"model": "admin.logentry", "pk": 55, "fields": {"action_time": "2021-05-08T12:16:16.656Z", "user": 1, "content_type": 7, "object_id": "47", "object_repr": "My fist blog post here | ElifTaskin", "action_flag": 2, "change_message": "[]"}}, {"model": "admin.logentry", "pk": 56, "fields": {"action_time": "2021-05-08T12:16:21.685Z", "user": 1, "content_type": 7, "object_id": "46", "object_repr": "TUM' da öğrenci olmak | admin", "action_flag": 2, "change_message": "[{\"changed\": {\"fields\": [\"Slug\"]}}]"}}, {"model": "admin.logentry", "pk": 57, "fields": {"action_time": "2021-05-08T12:16:26.433Z", "user": 1, "content_type": 7, "object_id": "45", "object_repr": "Belin Gezi Rehberi | admin", "action_flag": 2, "change_message": "[{\"changed\": {\"fields\": [\"Slug\"]}}]"}}, {"model": "admin.logentry", "pk": 58, "fields": {"action_time": "2021-05-08T12:16:32.141Z", "user": 1, "content_type": 7, "object_id": "44", "object_repr": "Real Blog Post | admin", "action_flag": 2, "change_message": "[{\"changed\": {\"fields\": [\"Slug\"]}}]"}}, {"model": "admin.logentry", "pk": 59, "fields": {"action_time": "2021-05-08T12:16:40.188Z", "user": 1, "content_type": 7, "object_id": "42", "object_repr": "Tosunun Makalesi | admin", "action_flag": 2, "change_message": "[{\"changed\": {\"fields\": [\"Slug\"]}}]"}}, {"model": "admin.logentry", "pk": 60, "fields": {"action_time": "2021-05-08T12:16:45.268Z", "user": 1, "content_type": 7, "object_id": "41", "object_repr": "asdas | admin", "action_flag": 2, "change_message": "[{\"changed\": {\"fields\": [\"Slug\"]}}]"}}, {"model": "admin.logentry", "pk": 61, "fields": {"action_time": "2021-05-08T12:16:51.182Z", "user": 1, "content_type": 7, "object_id": "41", "object_repr": "asdas | admin", "action_flag": 2, "change_message": "[]"}}, {"model": "admin.logentry", "pk": 62, "fields": {"action_time": "2021-05-08T12:16:55.994Z", "user": 1, "content_type": 7, "object_id": "30", "object_repr": "dsfds | admin", "action_flag": 2, "change_message": "[{\"changed\": {\"fields\": [\"Slug\"]}}]"}}, {"model": "admin.logentry", "pk": 63, "fields": {"action_time": "2021-05-08T12:17:00.551Z", "user": 1, "content_type": 7, "object_id": "29", "object_repr": "das | admin", "action_flag": 2, "change_message": "[{\"changed\": {\"fields\": [\"Slug\"]}}]"}}, {"model": "admin.logentry", "pk": 64, "fields": {"action_time": "2021-05-08T12:17:05.759Z", "user": 1, "content_type": 7, "object_id": "21", "object_repr": "This is a snippet | admin", "action_flag": 2, "change_message": "[{\"changed\": {\"fields\": [\"Slug\"]}}]"}}, {"model": "admin.logentry", "pk": 65, "fields": {"action_time": "2021-05-08T12:17:10.863Z", "user": 1, "content_type": 7, "object_id": "20", "object_repr": "Bold text | admin", "action_flag": 2, "change_message": "[{\"changed\": {\"fields\": [\"Slug\"]}}]"}}, {"model": "admin.logentry", "pk": 66, "fields": {"action_time": "2021-05-08T12:17:16.953Z", "user": 1, "content_type": 7, "object_id": "19", "object_repr": "fasfasf | bonbon", "action_flag": 2, "change_message": "[{\"changed\": {\"fields\": [\"Body\", \"IsSuggested\", \"Slug\"]}}]"}}, {"model": "admin.logentry", "pk": 67, "fields": {"action_time": "2021-05-08T12:17:27.047Z", "user": 1, "content_type": 7, "object_id": "19", "object_repr": "fasfasf | bonbon", "action_flag": 2, "change_message": "[]"}}, {"model": "admin.logentry", "pk": 68, "fields": {"action_time": "2021-05-08T12:17:30.171Z", "user": 1, "content_type": 7, "object_id": "19", "object_repr": "fasfasf | bonbon", "action_flag": 2, "change_message": "[]"}}, {"model": "admin.logentry", "pk": 69, "fields": {"action_time": "2021-05-08T12:17:32.113Z", "user": 1, "content_type": 7, "object_id": "19", "object_repr": "fasfasf | bonbon", "action_flag": 2, "change_message": "[]"}}, {"model": "admin.logentry", "pk": 70, "fields": {"action_time": "2021-05-08T12:17:34.240Z", "user": 1, "content_type": 7, "object_id": "19", "object_repr": "fasfasf | bonbon", "action_flag": 2, "change_message": "[]"}}, {"model": "admin.logentry", "pk": 71, "fields": {"action_time": "2021-05-08T12:17:36.129Z", "user": 1, "content_type": 7, "object_id": "19", "object_repr": "fasfasf | bonbon", "action_flag": 2, "change_message": "[]"}}, {"model": "admin.logentry", "pk": 72, "fields": {"action_time": "2021-05-08T12:17:45.345Z", "user": 1, "content_type": 7, "object_id": "18", "object_repr": "Bob post 2 | bob", "action_flag": 2, "change_message": "[{\"changed\": {\"fields\": [\"Body\", \"IsSuggested\", \"Slug\"]}}]"}}, {"model": "admin.logentry", "pk": 73, "fields": {"action_time": "2021-05-08T12:17:52.555Z", "user": 1, "content_type": 7, "object_id": "17", "object_repr": "Bob's post | bob", "action_flag": 2, "change_message": "[{\"changed\": {\"fields\": [\"Body\", \"IsSuggested\", \"Slug\"]}}]"}}, {"model": "admin.logentry", "pk": 74, "fields": {"action_time": "2021-05-08T12:17:58.578Z", "user": 1, "content_type": 7, "object_id": "16", "object_repr": "dafsfwfw | admin", "action_flag": 2, "change_message": "[{\"changed\": {\"fields\": [\"Body\", \"Slug\"]}}]"}}, {"model": "admin.logentry", "pk": 75, "fields": {"action_time": "2021-05-08T12:18:03.795Z", "user": 1, "content_type": 7, "object_id": "13", "object_repr": "dasdsa | admin", "action_flag": 2, "change_message": "[{\"changed\": {\"fields\": [\"Body\", \"Slug\"]}}]"}}, {"model": "admin.logentry", "pk": 76, "fields": {"action_time": "2021-05-08T12:18:08.210Z", "user": 1, "content_type": 7, "object_id": "13", "object_repr": "dasdsa | admin", "action_flag": 2, "change_message": "[]"}}, {"model": "admin.logentry", "pk": 77, "fields": {"action_time": "2021-05-08T12:18:14.866Z", "user": 1, "content_type": 7, "object_id": "10", "object_repr": "Coding Tutorial Post | admin", "action_flag": 2, "change_message": "[{\"changed\": {\"fields\": [\"Body\", \"Slug\"]}}]"}}, {"model": "admin.logentry", "pk": 78, "fields": {"action_time": "2021-05-08T12:18:19.112Z", "user": 1, "content_type": 7, "object_id": "9", "object_repr": "History Post | admin", "action_flag": 2, "change_message": "[{\"changed\": {\"fields\": [\"Body\", \"Slug\"]}}]"}}, {"model": "admin.logentry", "pk": 79, "fields": {"action_time": "2021-05-08T12:18:23.671Z", "user": 1, "content_type": 7, "object_id": "8", "object_repr": "Lorem Ipsum | admin", "action_flag": 2, "change_message": "[{\"changed\": {\"fields\": [\"Body\", \"Slug\"]}}]"}}, {"model": "admin.logentry", "pk": 80, "fields": {"action_time": "2021-05-08T12:30:35.652Z", "user": 1, "content_type": 7, "object_id": "53", "object_repr": "Slugify Test | admin", "action_flag": 2, "change_message": "[{\"changed\": {\"fields\": [\"Header image\"]}}]"}}, {"model": "admin.logentry", "pk": 81, "fields": {"action_time": "2021-05-25T08:48:19.783Z", "user": 1, "content_type": 4, "object_id": "13", "object_repr": "myuser", "action_flag": 3, "change_message": ""}}, {"model": "admin.logentry", "pk": 82, "fields": {"action_time": "2021-05-25T08:48:19.786Z", "user": 1, "content_type": 4, "object_id": "10", "object_repr": "tobedeleted", "action_flag": 3, "change_message": ""}}, {"model": "admin.logentry", "pk": 83, "fields": {"action_time": "2021-05-25T08:48:19.788Z", "user": 1, "content_type": 4, "object_id": "11", "object_repr": "tobedeleted2", "action_flag": 3, "change_message": ""}}, {"model": "admin.logentry", "pk": 84, "fields": {"action_time": "2021-05-25T08:48:19.790Z", "user": 1, "content_type": 4, "object_id": "12", "object_repr": "tobedeleted3", "action_flag": 3, "change_message": ""}}, {"model": "admin.logentry", "pk": 85, "fields": {"action_time": "2021-05-25T09:05:09.550Z", "user": 1, "content_type": 4, "object_id": "14", "object_repr": "dasd", "action_flag": 3, "change_message": ""}}, {"model": "admin.logentry", "pk": 86, "fields": {"action_time": "2021-05-25T09:05:09.553Z", "user": 1, "content_type": 4, "object_id": "15", "object_repr": "dsa", "action_flag": 3, "change_message": ""}}, {"model": "admin.logentry", "pk": 87, "fields": {"action_time": "2021-05-25T09:11:09.198Z", "user": 1, "content_type": 4, "object_id": "16", "object_repr": "dsa", "action_flag": 3, "change_message": ""}}, {"model": "admin.logentry", "pk": 88, "fields": {"action_time": "2021-05-25T09:11:09.199Z", "user": 1, "content_type": 4, "object_id": "17", "object_repr": "saf", "action_flag": 3, "change_message": ""}}, {"model": "admin.logentry", "pk": 89, "fields": {"action_time": "2021-05-25T13:44:08.678Z", "user": 1, "content_type": 4, "object_id": "19", "object_repr": "da", "action_flag": 3, "change_message": ""}}, {"model": "admin.logentry", "pk": 90, "fields": {"action_time": "2021-05-25T13:44:08.680Z", "user": 1, "content_type": 4, "object_id": "20", "object_repr": "dsa", "action_flag": 3, "change_message": ""}}, {"model": "admin.logentry", "pk": 91, "fields": {"action_time": "2021-05-25T13:44:08.682Z", "user": 1, "content_type": 4, "object_id": "21", "object_repr": "dsada", "action_flag": 3, "change_message": ""}}, {"model": "admin.logentry", "pk": 92, "fields": {"action_time": "2021-05-25T13:44:08.684Z", "user": 1, "content_type": 4, "object_id": "22", "object_repr": "fsafsa", "action_flag": 3, "change_message": ""}}, {"model": "admin.logentry", "pk": 93, "fields": {"action_time": "2021-05-25T13:57:34.999Z", "user": 1, "content_type": 4, "object_id": "26", "object_repr": "dasdfsa", "action_flag": 3, "change_message": ""}}, {"model": "admin.logentry", "pk": 94, "fields": {"action_time": "2021-05-25T13:57:35.002Z", "user": 1, "content_type": 4, "object_id": "31", "object_repr": "dasdsaaaa", "action_flag": 3, "change_message": ""}}, {"model": "admin.logentry", "pk": 95, "fields": {"action_time": "2021-05-25T13:57:35.004Z", "user": 1, "content_type": 4, "object_id": "25", "object_repr": "dsa", "action_flag": 3, "change_message": ""}}, {"model": "admin.logentry", "pk": 96, "fields": {"action_time": "2021-05-25T13:57:35.006Z", "user": 1, "content_type": 4, "object_id": "28", "object_repr": "dsadsa", "action_flag": 3, "change_message": ""}}, {"model": "admin.logentry", "pk": 97, "fields": {"action_time": "2021-05-25T13:57:35.008Z", "user": 1, "content_type": 4, "object_id": "30", "object_repr": "dsadsadsadas", "action_flag": 3, "change_message": ""}}, {"model": "admin.logentry", "pk": 98, "fields": {"action_time": "2021-05-25T13:57:35.010Z", "user": 1, "content_type": 4, "object_id": "24", "object_repr": "fdsfasaa", "action_flag": 3, "change_message": ""}}, {"model": "admin.logentry", "pk": 99, "fields": {"action_time": "2021-05-25T13:57:35.012Z", "user": 1, "content_type": 4, "object_id": "23", "object_repr": "ghj", "action_flag": 3, "change_message": ""}}, {"model": "admin.logentry", "pk": 100, "fields": {"action_time": "2021-05-25T13:57:35.013Z", "user": 1, "content_type": 4, "object_id": "29", "object_repr": "hhdsadsa", "action_flag": 3, "change_message": ""}}, {"model": "admin.logentry", "pk": 101, "fields": {"action_time": "2021-05-25T13:57:35.016Z", "user": 1, "content_type": 4, "object_id": "27", "object_repr": "realUser2", "action_flag": 3, "change_message": ""}}, {"model": "admin.logentry", "pk": 102, "fields": {"action_time": "2021-05-25T14:02:08.974Z", "user": 1, "content_type": 4, "object_id": "32", "object_repr": "tosuLama", "action_flag": 3, "change_message": ""}}, {"model": "admin.logentry", "pk": 103, "fields": {"action_time": "2021-05-25T16:13:12.006Z", "user": 1, "content_type": 4, "object_id": "34", "object_repr": "Avokado", "action_flag": 3, "change_message": ""}}, {"model": "admin.logentry", "pk": 104, "fields": {"action_time": "2021-05-25T16:14:43.004Z", "user": 1, "content_type": 4, "object_id": "35", "object_repr": "Avakado", "action_flag": 3, "change_message": ""}}, {"model": "admin.logentry", "pk": 105, "fields": {"action_time": "2021-05-25T16:18:12.720Z", "user": 1, "content_type": 4, "object_id": "36", "object_repr": "Avakado", "action_flag": 3, "change_message": ""}}, {"model": "admin.logentry", "pk": 106, "fields": {"action_time": "2021-05-25T16:20:33.235Z", "user": 1, "content_type": 4, "object_id": "37", "object_repr": "Avakado", "action_flag": 3, "change_message": ""}}, {"model": "admin.logentry", "pk": 107, "fields": {"action_time": "2021-05-25T16:22:18.337Z", "user": 1, "content_type": 4, "object_id": "38", "object_repr": "Avakado", "action_flag": 3, "change_message": ""}}, {"model": "admin.logentry", "pk": 108, "fields": {"action_time": "2021-05-25T16:31:30.160Z", "user": 1, "content_type": 4, "object_id": "39", "object_repr": "Avakado", "action_flag": 3, "change_message": ""}}, {"model": "admin.logentry", "pk": 109, "fields": {"action_time": "2021-05-25T16:45:35.627Z", "user": 1, "content_type": 4, "object_id": "18", "object_repr": "realUser", "action_flag": 3, "change_message": ""}}, {"model": "admin.logentry", "pk": 110, "fields": {"action_time": "2021-05-25T18:03:43.882Z", "user": 1, "content_type": 4, "object_id": "44", "object_repr": "", "action_flag": 3, "change_message": ""}}, {"model": "admin.logentry", "pk": 111, "fields": {"action_time": "2021-05-25T18:03:43.884Z", "user": 1, "content_type": 4, "object_id": "42", "object_repr": "fsafsafas", "action_flag": 3, "change_message": ""}}, {"model": "admin.logentry", "pk": 112, "fields": {"action_time": "2021-05-25T18:03:43.886Z", "user": 1, "content_type": 4, "object_id": "43", "object_repr": "safasfsa", "action_flag": 3, "change_message": ""}}, {"model": "admin.logentry", "pk": 113, "fields": {"action_time": "2021-05-25T18:03:43.889Z", "user": 1, "content_type": 4, "object_id": "45", "object_repr": "sdsdsfsafsa", "action_flag": 3, "change_message": ""}}, {"model": "admin.logentry", "pk": 114, "fields": {"action_time": "2021-07-09T09:13:53.725Z", "user": 1, "content_type": 7, "object_id": "52", "object_repr": "Carousel test | admin", "action_flag": 3, "change_message": ""}}, {"model": "admin.logentry", "pk": 115, "fields": {"action_time": "2021-07-09T09:13:53.735Z", "user": 1, "content_type": 7, "object_id": "51", "object_repr": "Carousel test 2 | admin", "action_flag": 3, "change_message": ""}}, {"model": "admin.logentry", "pk": 116, "fields": {"action_time": "2021-07-09T09:13:53.737Z", "user": 1, "content_type": 7, "object_id": "50", "object_repr": "Carousel test | admin", "action_flag": 3, "change_message": ""}}, {"model": "admin.logentry", "pk": 117, "fields": {"action_time": "2021-07-09T09:13:53.739Z", "user": 1, "content_type": 7, "object_id": "41", "object_repr": "asdas | admin", "action_flag": 3, "change_message": ""}}, {"model": "admin.logentry", "pk": 118, "fields": {"action_time": "2021-07-09T09:13:53.741Z", "user": 1, "content_type": 7, "object_id": "30", "object_repr": "dsfds | admin", "action_flag": 3, "change_message": ""}}, {"model": "admin.logentry", "pk": 119, "fields": {"action_time": "2021-07-09T09:13:53.743Z", "user": 1, "content_type": 7, "object_id": "29", "object_repr": "das | admin", "action_flag": 3, "change_message": ""}}, {"model": "admin.logentry", "pk": 120, "fields": {"action_time": "2021-07-09T09:49:53.523Z", "user": 1, "content_type": 7, "object_id": "18", "object_repr": "Bob post 2 | bob", "action_flag": 2, "change_message": "[{\"changed\": {\"fields\": [\"IsSuggested\"]}}]"}}, {"model": "admin.logentry", "pk": 121, "fields": {"action_time": "2021-07-09T09:49:57.694Z", "user": 1, "content_type": 7, "object_id": "17", "object_repr": "Bob's post | bob", "action_flag": 2, "change_message": "[{\"changed\": {\"fields\": [\"IsSuggested\"]}}]"}}, {"model": "admin.logentry", "pk": 122, "fields": {"action_time": "2021-07-09T09:50:10.430Z", "user": 1, "content_type": 7, "object_id": "19", "object_repr": "fasfasf | bonbon", "action_flag": 2, "change_message": "[{\"changed\": {\"fields\": [\"IsSuggested\"]}}]"}}, {"model": "admin.logentry", "pk": 123, "fields": {"action_time": "2021-07-09T09:50:31.967Z", "user": 1, "content_type": 7, "object_id": "19", "object_repr": "fasfasf | bonbon", "action_flag": 2, "change_message": "[]"}}, {"model": "admin.logentry", "pk": 124, "fields": {"action_time": "2021-07-09T09:55:07.160Z", "user": 1, "content_type": 7, "object_id": "19", "object_repr": "fasfasf | bonbon", "action_flag": 3, "change_message": ""}}, {"model": "admin.logentry", "pk": 125, "fields": {"action_time": "2021-07-09T09:55:07.162Z", "user": 1, "content_type": 7, "object_id": "18", "object_repr": "Bob post 2 | bob", "action_flag": 3, "change_message": ""}}, {"model": "admin.logentry", "pk": 126, "fields": {"action_time": "2021-07-09T09:55:07.164Z", "user": 1, "content_type": 7, "object_id": "17", "object_repr": "Bob's post | bob", "action_flag": 3, "change_message": ""}}, {"model": "admin.logentry", "pk": 127, "fields": {"action_time": "2021-07-09T09:55:07.166Z", "user": 1, "content_type": 7, "object_id": "16", "object_repr": "dafsfwfw | admin", "action_flag": 3, "change_message": ""}}, {"model": "admin.logentry", "pk": 128, "fields": {"action_time": "2021-07-09T09:55:07.168Z", "user": 1, "content_type": 7, "object_id": "15", "object_repr": "fsafaa | admin", "action_flag": 3, "change_message": ""}}, {"model": "admin.logentry", "pk": 129, "fields": {"action_time": "2021-07-09T09:55:07.169Z", "user": 1, "content_type": 7, "object_id": "14", "object_repr": "dasdasfew | admin", "action_flag": 3, "change_message": ""}}, {"model": "admin.logentry", "pk": 130, "fields": {"action_time": "2021-07-09T09:55:07.171Z", "user": 1, "content_type": 7, "object_id": "13", "object_repr": "dasdsa | admin", "action_flag": 3, "change_message": ""}}, {"model": "admin.logentry", "pk": 131, "fields": {"action_time": "2021-07-09T09:55:07.173Z", "user": 1, "content_type": 7, "object_id": "12", "object_repr": "fasfsaevve | admin", "action_flag": 3, "change_message": ""}}, {"model": "admin.logentry", "pk": 132, "fields": {"action_time": "2021-07-09T09:55:07.175Z", "user": 1, "content_type": 7, "object_id": "11", "object_repr": "fsdfds | admin", "action_flag": 3, "change_message": ""}}, {"model": "admin.logentry", "pk": 133, "fields": {"action_time": "2021-07-09T10:02:35.666Z", "user": 1, "content_type": 7, "object_id": "63", "object_repr": "fsefew | admin", "action_flag": 3, "change_message": ""}}, {"model": "admin.logentry", "pk": 134, "fields": {"action_time": "2021-07-09T10:10:39.950Z", "user": 1, "content_type": 7, "object_id": "64", "object_repr": "dsadsa | admin", "action_flag": 3, "change_message": ""}}, {"model": "admin.logentry", "pk": 135, "fields": {"action_time": "2021-07-09T10:15:00.000Z", "user": 1, "content_type": 7, "object_id": "65", "object_repr": "fds | admin", "action_flag": 3, "change_message": ""}}, {"model": "admin.logentry", "pk": 136, "fields": {"action_time": "2021-07-09T10:17:51.327Z", "user": 1, "content_type": 7, "object_id": "66", "object_repr": "fewfew | admin", "action_flag": 3, "change_message": ""}}, {"model": "admin.logentry", "pk": 137, "fields": {"action_time": "2021-07-09T14:17:05.551Z", "user": 1, "content_type": 7, "object_id": "21", "object_repr": "This is a snippet | admin", "action_flag": 3, "change_message": ""}}, {"model": "admin.logentry", "pk": 138, "fields": {"action_time": "2021-07-09T14:17:05.562Z", "user": 1, "content_type": 7, "object_id": "20", "object_repr": "Bold text | admin", "action_flag": 3, "change_message": ""}}, {"model": "admin.logentry", "pk": 139, "fields": {"action_time": "2021-07-09T14:17:05.564Z", "user": 1, "content_type": 7, "object_id": "10", "object_repr": "Coding Tutorial Post | admin", "action_flag": 3, "change_message": ""}}, {"model": "admin.logentry", "pk": 140, "fields": {"action_time": "2021-07-09T14:17:05.567Z", "user": 1, "content_type": 7, "object_id": "8", "object_repr": "Lorem Ipsum | admin", "action_flag": 3, "change_message": ""}}, {"model": "admin.logentry", "pk": 141, "fields": {"action_time": "2021-07-09T14:32:53.007Z", "user": 1, "content_type": 7, "object_id": "47", "object_repr": "My fist blog post here | ElifTaskin", "action_flag": 3, "change_message": ""}}, {"model": "admin.logentry", "pk": 142, "fields": {"action_time": "2021-07-09T15:59:21.295Z", "user": 1, "content_type": 7, "object_id": "9", "object_repr": "History Post | admin", "action_flag": 3, "change_message": ""}}, {"model": "auth.permission", "pk": 1, "fields": {"name": "Can add log entry", "content_type": 1, "codename": "add_logentry"}}, {"model": "auth.permission", "pk": 2, "fields": {"name": "Can change log entry", "content_type": 1, "codename": "change_logentry"}}, {"model": "auth.permission", "pk": 3, "fields": {"name": "Can delete log entry", "content_type": 1, "codename": "delete_logentry"}}, {"model": "auth.permission", "pk": 4, "fields": {"name": "Can view log entry", "content_type": 1, "codename": "view_logentry"}}, {"model": "auth.permission", "pk": 5, "fields": {"name": "Can add permission", "content_type": 2, "codename": "add_permission"}}, {"model": "auth.permission", "pk": 6, "fields": {"name": "Can change permission", "content_type": 2, "codename": "change_permission"}}, {"model": "auth.permission", "pk": 7, "fields": {"name": "Can delete permission", "content_type": 2, "codename": "delete_permission"}}, {"model": "auth.permission", "pk": 8, "fields": {"name": "Can view permission", "content_type": 2, "codename": "view_permission"}}, {"model": "auth.permission", "pk": 9, "fields": {"name": "Can add group", "content_type": 3, "codename": "add_group"}}, {"model": "auth.permission", "pk": 10, "fields": {"name": "Can change group", "content_type": 3, "codename": "change_group"}}, {"model": "auth.permission", "pk": 11, "fields": {"name": "Can delete group", "content_type": 3, "codename": "delete_group"}}, {"model": "auth.permission", "pk": 12, "fields": {"name": "Can view group", "content_type": 3, "codename": "view_group"}}, {"model": "auth.permission", "pk": 13, "fields": {"name": "Can add user", "content_type": 4, "codename": "add_user"}}, {"model": "auth.permission", "pk": 14, "fields": {"name": "Can change user", "content_type": 4, "codename": "change_user"}}, {"model": "auth.permission", "pk": 15, "fields": {"name": "Can delete user", "content_type": 4, "codename": "delete_user"}}, {"model": "auth.permission", "pk": 16, "fields": {"name": "Can view user", "content_type": 4, "codename": "view_user"}}, {"model": "auth.permission", "pk": 17, "fields": {"name": "Can add content type", "content_type": 5, "codename": "add_contenttype"}}, {"model": "auth.permission", "pk": 18, "fields": {"name": "Can change content type", "content_type": 5, "codename": "change_contenttype"}}, {"model": "auth.permission", "pk": 19, "fields": {"name": "Can delete content type", "content_type": 5, "codename": "delete_contenttype"}}, {"model": "auth.permission", "pk": 20, "fields": {"name": "Can view content type", "content_type": 5, "codename": "view_contenttype"}}, {"model": "auth.permission", "pk": 21, "fields": {"name": "Can add session", "content_type": 6, "codename": "add_session"}}, {"model": "auth.permission", "pk": 22, "fields": {"name": "Can change session", "content_type": 6, "codename": "change_session"}}, {"model": "auth.permission", "pk": 23, "fields": {"name": "Can delete session", "content_type": 6, "codename": "delete_session"}}, {"model": "auth.permission", "pk": 24, "fields": {"name": "Can view session", "content_type": 6, "codename": "view_session"}}, {"model": "auth.permission", "pk": 25, "fields": {"name": "Can add post", "content_type": 7, "codename": "add_post"}}, {"model": "auth.permission", "pk": 26, "fields": {"name": "Can change post", "content_type": 7, "codename": "change_post"}}, {"model": "auth.permission", "pk": 27, "fields": {"name": "Can delete post", "content_type": 7, "codename": "delete_post"}}, {"model": "auth.permission", "pk": 28, "fields": {"name": "Can view post", "content_type": 7, "codename": "view_post"}}, {"model": "auth.permission", "pk": 29, "fields": {"name": "Can add category", "content_type": 8, "codename": "add_category"}}, {"model": "auth.permission", "pk": 30, "fields": {"name": "Can change category", "content_type": 8, "codename": "change_category"}}, {"model": "auth.permission", "pk": 31, "fields": {"name": "Can delete category", "content_type": 8, "codename": "delete_category"}}, {"model": "auth.permission", "pk": 32, "fields": {"name": "Can view category", "content_type": 8, "codename": "view_category"}}, {"model": "auth.permission", "pk": 33, "fields": {"name": "Can add profile", "content_type": 9, "codename": "add_profile"}}, {"model": "auth.permission", "pk": 34, "fields": {"name": "Can change profile", "content_type": 9, "codename": "change_profile"}}, {"model": "auth.permission", "pk": 35, "fields": {"name": "Can delete profile", "content_type": 9, "codename": "delete_profile"}}, {"model": "auth.permission", "pk": 36, "fields": {"name": "Can view profile", "content_type": 9, "codename": "view_profile"}}, {"model": "auth.permission", "pk": 37, "fields": {"name": "Can add comment", "content_type": 10, "codename": "add_comment"}}, {"model": "auth.permission", "pk": 38, "fields": {"name": "Can change comment", "content_type": 10, "codename": "change_comment"}}, {"model": "auth.permission", "pk": 39, "fields": {"name": "Can delete comment", "content_type": 10, "codename": "delete_comment"}}, {"model": "auth.permission", "pk": 40, "fields": {"name": "Can view comment", "content_type": 10, "codename": "view_comment"}}, {"model": "auth.user", "pk": 1, "fields": {"password": "pbkdf2_sha256$216000$JIBLFshW49XY$ezABR+iNJnrrJnJrhrqFdNb3Qz5ld3Wq8Np5ANdDM+w=", "last_login": "2021-07-10T07:57:17.242Z", "is_superuser": true, "username": "admin", "first_name": "Ahmet", "last_name": "Kaan", "email": "admin@gmail.com", "is_staff": true, "is_active": true, "date_joined": "2021-02-25T07:57:27Z", "groups": [], "user_permissions": []}}, {"model": "auth.user", "pk": 3, "fields": {"password": "pbkdf2_sha256$216000$MyXoSmM5xDtr$b3FKraYPqe2RUBnUSxV15I2SEuCDlLQ+X7AFf0NAyE8=", "last_login": "2021-02-28T10:46:03.433Z", "is_superuser": false, "username": "bob", "first_name": "Bob", "last_name": "Bobby", "email": "", "is_staff": false, "is_active": true, "date_joined": "2021-02-27T10:25:41Z", "groups": [], "user_permissions": []}}, {"model": "auth.user", "pk": 5, "fields": {"password": "pbkdf2_sha256$216000$BSZVLmDOEYuP$Gz4IVBnJa7u5iKVmc+HFQzxYPk9mNbWBOg0cnRuApW8=", "last_login": "2021-02-28T16:18:47.691Z", "is_superuser": false, "username": "bonbon", "first_name": "Bony", "last_name": "Bony", "email": "bony@gmail.com", "is_staff": false, "is_active": true, "date_joined": "2021-02-28T16:18:39.654Z", "groups": [], "user_permissions": []}}, {"model": "auth.user", "pk": 6, "fields": {"password": "pbkdf2_sha256$216000$YaR2jd5KWoXl$LYTCW9AfB3hb7qMy2qqWn+QJ7DWJfAH2/Jhgx/4UN5Y=", "last_login": "2021-03-21T14:45:34.280Z", "is_superuser": false, "username": "Bill", "first_name": "Bill", "last_name": "Bill", "email": "bill@gmail.com", "is_staff": false, "is_active": true, "date_joined": "2021-03-21T14:45:29.201Z", "groups": [], "user_permissions": []}}, {"model": "auth.user", "pk": 7, "fields": {"password": "pbkdf2_sha256$216000$6SMVwfYmORIv$zPQIoeecfg4SbVWsxUwoF3gF396eL35cKrMcHYrrMH4=", "last_login": "2021-03-21T15:23:58.511Z", "is_superuser": false, "username": "Empty", "first_name": "Empty", "last_name": "Empty", "email": "empty@gnail.com", "is_staff": false, "is_active": true, "date_joined": "2021-03-21T15:23:52.725Z", "groups": [], "user_permissions": []}}, {"model": "auth.user", "pk": 8, "fields": {"password": "pbkdf2_sha256$216000$By1yFuOhfROB$O9KbLWQvbQxuO+tmQN5mZhwtSj2k37+h1oUWhnN5/hY=", "last_login": "2021-03-21T15:28:03.879Z", "is_superuser": false, "username": "Tommy", "first_name": "Tommy", "last_name": "Tommy", "email": "tommy@gmail.com", "is_staff": false, "is_active": true, "date_joined": "2021-03-21T15:27:54.564Z", "groups": [], "user_permissions": []}}, {"model": "auth.user", "pk": 9, "fields": {"password": "pbkdf2_sha256$216000$CSx1REKk9vEB$HxXQl9+yH0+wPVajrYv/o+VI2l+ONabXwmxe2RDYy4E=", "last_login": "2021-04-10T09:16:12.550Z", "is_superuser": false, "username": "ElifTaskin", "first_name": "Elif", "last_name": "Taskin", "email": "eliftaskin944@gmail.com", "is_staff": false, "is_active": true, "date_joined": "2021-04-01T12:04:31.050Z", "groups": [], "user_permissions": []}}, {"model": "auth.user", "pk": 33, "fields": {"password": "pbkdf2_sha256$216000$X7fUuWuYylRe$UR6ZPQbcd4hJz3efFLoaAlwjy+2dn2/J9RfA6Ts9Mi0=", "last_login": "2021-05-25T14:03:10.840Z", "is_superuser": false, "username": "tosuLama", "first_name": "Tosu", "last_name": "Lama", "email": "hafiye.info@gmail.com", "is_staff": false, "is_active": true, "date_joined": "2021-05-25T14:02:41.538Z", "groups": [], "user_permissions": []}}, {"model": "auth.user", "pk": 40, "fields": {"password": "pbkdf2_sha256$216000$rE7Jp1HfSH7i$GTDiQKczM5LCPtti0Hd6SP4n6yf6IVBfaMiUEQI7U5k=", "last_login": "2021-05-25T16:41:55.320Z", "is_superuser": false, "username": "Ava", "first_name": "Ava", "last_name": "Mer", "email": "hafiye.info@gmail.com", "is_staff": false, "is_active": true, "date_joined": "2021-05-25T16:41:25.672Z", "groups": [], "user_permissions": []}}, {"model": "auth.user", "pk": 41, "fields": {"password": "pbkdf2_sha256$216000$f9qC9OCemdv4$0MaTWCnFHBH1Lu+HJ7YBNN/c/TC+PnEOMOg45Nl5cag=", "last_login": "2021-05-25T16:45:02.054Z", "is_superuser": false, "username": "Hello", "first_name": "Hello", "last_name": "Hello", "email": "hafiye.info@gmail.com", "is_staff": false, "is_active": true, "date_joined": "2021-05-25T16:44:15.775Z", "groups": [], "user_permissions": []}}, {"model": "contenttypes.contenttype", "pk": 1, "fields": {"app_label": "admin", "model": "logentry"}}, {"model": "contenttypes.contenttype", "pk": 2, "fields": {"app_label": "auth", "model": "permission"}}, {"model": "contenttypes.contenttype", "pk": 3, "fields": {"app_label": "auth", "model": "group"}}, {"model": "contenttypes.contenttype", "pk": 4, "fields": {"app_label": "auth", "model": "user"}}, {"model": "contenttypes.contenttype", "pk": 5, "fields": {"app_label": "contenttypes", "model": "contenttype"}}, {"model": "contenttypes.contenttype", "pk": 6, "fields": {"app_label": "sessions", "model": "session"}}, {"model": "contenttypes.contenttype", "pk": 7, "fields": {"app_label": "myblog", "model": "post"}}, {"model": "contenttypes.contenttype", "pk": 8, "fields": {"app_label": "myblog", "model": "category"}}, {"model": "contenttypes.contenttype", "pk": 9, "fields": {"app_label": "myblog", "model": "profile"}}, {"model": "contenttypes.contenttype", "pk": 10, "fields": {"app_label": "myblog", "model": "comment"}}, {"model": "sessions.session", "pk": "25211bcf5ti8i90eiikdhebuvdz39441", "fields": {"session_data": ".eJxVjDsOwjAQBe_iGllrEn-Wkp4zWF7vggPIluKkQtwdIqWA9s3Me6mY1qXEtcscJ1YnZdThd6OUH1I3wPdUb03nVpd5Ir0peqddXxrL87y7fwcl9fKtabhC8hCCP5IPgt55RAYrQohOUjDiLFK2EkbKnM0gfrSWAQbgDKLeH92EN-s:1m27rR:MdgmpHZ0DA7ntdXLXoyCfbYfVdk5Gsw9e0iHdSLRwIs", "expire_date": "2021-07-24T07:57:17.246Z"}}, {"model": "sessions.session", "pk": "40y0niowg5693s0davs13d8pg474kidd", "fields": {"session_data": ".eJxVjDsOwjAQBe_iGllrEn-Wkp4zWF7vggPIluKkQtwdIqWA9s3Me6mY1qXEtcscJ1YnZdThd6OUH1I3wPdUb03nVpd5Ir0peqddXxrL87y7fwcl9fKtabhC8hCCP5IPgt55RAYrQohOUjDiLFK2EkbKnM0gfrSWAQbgDKLeH92EN-s:1lIrUf:jmJ5V6v3PvL22WnMH2aEoJFnkTX3wcCu06HaOo-yA2E", "expire_date": "2021-03-21T11:22:41.803Z"}}, {"model": "sessions.session", "pk": "8ksksu6iwbxvtqgw32oemgkgllvqfur0", "fields": {"session_data": ".eJxVjDsOwjAQBe_iGllrEn-Wkp4zWF7vggPIluKkQtwdIqWA9s3Me6mY1qXEtcscJ1YnZdThd6OUH1I3wPdUb03nVpd5Ir0peqddXxrL87y7fwcl9fKtabhC8hCCP5IPgt55RAYrQohOUjDiLFK2EkbKnM0gfrSWAQbgDKLeH92EN-s:1m1lso:0EFVtm_gm0sRhk_D958JL6qIOKptpFy_EQde8PQj4a4", "expire_date": "2021-07-23T08:29:14.278Z"}}, {"model": "sessions.session", "pk": "fqpvgv27ejx6db2pwatqi506tl7m9o2f", "fields": {"session_data": ".eJxVjDsOwjAQBe_iGllrEn-Wkp4zWF7vggPIluKkQtwdIqWA9s3Me6mY1qXEtcscJ1YnZdThd6OUH1I3wPdUb03nVpd5Ir0peqddXxrL87y7fwcl9fKtabhC8hCCP5IPgt55RAYrQohOUjDiLFK2EkbKnM0gfrSWAQbgDKLeH92EN-s:1lUXXt:KOEZzVJ8IqzOw0e9wvdxJHs289Lh0O1BWlooQCPzUTg", "expire_date": "2021-04-22T16:30:17.198Z"}}, {"model": "sessions.session", "pk": "jkezou8cx2avdenkkloljrukgaqd7l7l", "fields": {"session_data": ".eJxVjDsOwjAQBe_iGllrEn-Wkp4zWF7vggPIluKkQtwdIqWA9s3Me6mY1qXEtcscJ1YnZdThd6OUH1I3wPdUb03nVpd5Ir0peqddXxrL87y7fwcl9fKtabhC8hCCP5IPgt55RAYrQohOUjDiLFK2EkbKnM0gfrSWAQbgDKLeH92EN-s:1lV9jO:bxohnXLQutAn3nsdipgB587VGiZC5OOqAmf1I73gZ0E", "expire_date": "2021-04-24T09:16:42.796Z"}}, {"model": "sessions.session", "pk": "ukjgdencc5s2j0512kux7u1vn5lsw02r", "fields": {"session_data": ".eJxVjDsOwjAQBe_iGllrEn-Wkp4zWF7vggPIluKkQtwdIqWA9s3Me6mY1qXEtcscJ1YnZdThd6OUH1I3wPdUb03nVpd5Ir0peqddXxrL87y7fwcl9fKtabhC8hCCP5IPgt55RAYrQohOUjDiLFK2EkbKnM0gfrSWAQbgDKLeH92EN-s:1lgtiM:OpafjNEWITaliIrvfQJHbp9gIpmHzV09EZyFHjlx-CM", "expire_date": "2021-05-26T18:36:10.241Z"}}, {"model": "sessions.session", "pk": "w28cenrq4v92j6ixnr9q8fvcjt99oezo", "fields": {"session_data": ".eJxVjDsOwjAQBe_iGllrEn-Wkp4zWF7vggPIluKkQtwdIqWA9s3Me6mY1qXEtcscJ1YnZdThd6OUH1I3wPdUb03nVpd5Ir0peqddXxrL87y7fwcl9fKtabhC8hCCP5IPgt55RAYrQohOUjDiLFK2EkbKnM0gfrSWAQbgDKLeH92EN-s:1levCC:EUWEJ7a8dB_sQLqCtvJHI7F-d71yN-lzE285ogikc-8", "expire_date": "2021-05-21T07:46:48.472Z"}}, {"model": "sessions.session", "pk": "wj370km3ee9pxp1grnekhxqrcs0jjjvv", "fields": {"session_data": ".eJxVjDsOwjAQBe_iGllrEn-Wkp4zWF7vggPIluKkQtwdIqWA9s3Me6mY1qXEtcscJ1YnZdThd6OUH1I3wPdUb03nVpd5Ir0peqddXxrL87y7fwcl9fKtabhC8hCCP5IPgt55RAYrQohOUjDiLFK2EkbKnM0gfrSWAQbgDKLeH92EN-s:1lld31:FW4n1KFo621bcro38Us-NiEzst4eObo8UBM79xRsTgc", "expire_date": "2021-06-08T19:49:03.913Z"}}, {"model": "sessions.session", "pk": "yrt1ocra8u3fb4ndvufoqz9q2bhoqfj0", "fields": {"session_data": ".eJxVjDsOwjAQBe_iGllrEn-Wkp4zWF7vggPIluKkQtwdIqWA9s3Me6mY1qXEtcscJ1YnZdThd6OUH1I3wPdUb03nVpd5Ir0peqddXxrL87y7fwcl9fKtabhC8hCCP5IPgt55RAYrQohOUjDiLFK2EkbKnM0gfrSWAQbgDKLeH92EN-s:1m1qsQ:4ztEkG_5thORUuMrGBkk2JDAPEjdY0_4sqFQf1OuX-I", "expire_date": "2021-07-23T13:49:10.009Z"}}, {"model": "myblog.category", "pk": 1, "fields": {"name": "Coding"}}, {"model": "myblog.category", "pk": 2, "fields": {"name": "Sports"}}, {"model": "myblog.category", "pk": 3, "fields": {"name": "Entertainment"}}, {"model": "myblog.category", "pk": 5, "fields": {"name": "Hiking"}}, {"model": "myblog.category", "pk": 6, "fields": {"name": "History"}}, {"model": "myblog.category", "pk": 7, "fields": {"name": "Coding Tutorials"}}, {"model": "myblog.category", "pk": 8, "fields": {"name": "Social Media"}}, {"model": "myblog.category", "pk": 9, "fields": {"name": "Science"}}, {"model": "myblog.post", "pk": 42, "fields": {"title": "Tosunun Makalesi", "author": 1, "body": "<p>Lorem ipsum dolor sit amet, consectetur adipiscing elit. Morbi id nunc eleifend, fermentum felis id, pellentesque felis. Etiam et orci vitae augue pharetra auctor. Etiam iaculis volutpat euismod.</p>\r\n\r\n<p>&nbsp;</p>", "title_tag": "Tosucuk", "date": "2021-03-26", "category": "Social Media", "snippet": "Lorem ipsum dolor sit amet, consectetur adipiscing elit. Morbi id nunc eleifend, fermentum felis id, pellentesque felis. Etiam et orci vitae augue pharetra auctor. Etiam iaculis volutpat euismod.", "header_image": "images/0b9f3745-f373-4d90-9921-3842e7c40bc6.JPG", "isSuggested": "Normal", "slug": "tosunun-makalesi", "likes": [1]}}, {"model": "myblog.post", "pk": 44, "fields": {"title": "Real Blog Post", "author": 1, "body": "<p>Lorem ipsum dolor sit amet, consectetur adipiscing elit. Morbi id nunc eleifend, fermentum felis id, pellentesque felis. Etiam et orci vitae augue pharetra auctor. Etiam iaculis volutpat euismod. In vel est hendrerit, bibendum mauris nec, tincidunt lorem. Vestibulum sed rhoncus nisl. Nullam eleifend consequat nisl non malesuada. Aliquam nec felis sit amet ante dapibus facilisis non a nibh. Nulla libero massa, elementum eget sem eu, malesuada consequat nisl.</p>\r\n\r\n<p>Curabitur a dolor ante. Morbi tempus ligula sit amet erat lacinia, ac viverra justo sodales. Nulla a tincidunt odio. Nam urna tellus, iaculis molestie sodales a, rutrum ac libero. Etiam ac metus erat. Suspendisse potenti. Ut consequat purus ut dolor pulvinar, ac mattis sem faucibus.</p>\r\n\r\n<p>Suspendisse in enim eu ligula malesuada porta nec nec massa. Integer sed feugiat risus. Aenean finibus magna arcu, sit amet faucibus elit rhoncus et. Aliquam tempus arcu a fermentum tincidunt. Praesent orci risus, sollicitudin non dapibus a, tempor vel sapien. Aenean venenatis eros erat, ac bibendum leo sollicitudin id. Morbi quis magna ac ligula viverra venenatis sed consectetur sem. Suspendisse volutpat risus et mauris molestie eleifend. Donec eget dictum risus. Sed nulla nibh, lobortis ut metus vel, fermentum lacinia mi. Suspendisse vel iaculis dolor. Sed auctor enim et lacus pretium, laoreet ultrices massa sagittis. Aliquam finibus eros eget ex hendrerit, dapibus fermentum dui suscipit.</p>\r\n\r\n<p>Nunc rhoncus turpis et mi gravida, quis hendrerit nisi luctus. Ut non laoreet ipsum. Phasellus ut purus ante. Mauris pulvinar cursus ipsum, vitae tempor diam fringilla nec. In eleifend pellentesque dolor vitae mollis. Curabitur ut iaculis nulla, in venenatis lacus. Class aptent taciti sociosqu ad litora torquent per conubia nostra, per inceptos himenaeos. Mauris nec metus sit amet justo porta euismod eu eget ligula. Fusce in eleifend eros, quis vulputate dui.</p>\r\n\r\n<p>Integer non hendrerit orci. Nunc at libero vel nisl maximus interdum id quis elit. Cras sollicitudin justo non est feugiat consectetur. Proin tristique consectetur augue sed consectetur. Nulla hendrerit dignissim est quis facilisis. In ultricies sed tellus sed commodo. Donec placerat bibendum sodales. Etiam semper, ligula in consectetur pharetra, ante ex mollis tortor, ac porta erat metus quis risus. Morbi aliquet elit sit amet ipsum pretium eleifend a sit amet enim. Aenean sagittis facilisis eros vel sodales. Duis ultrices sem laoreet convallis gravida. Fusce pulvinar ante quis purus aliquam sollicitudin.</p>", "title_tag": "Blog", "date": "2021-03-29", "category": "Social Media", "snippet": "Lorem ipsum dolor sit amet, consectetur adipiscing elit. Morbi id nunc eleifend, fermentum felis id, pellentesque felis. Etiam et orci vitae augue pharetra auctor. Etiam iaculis volutpat euismod. In vel est hendrerit, bibendum mauris nec, tincidunt lorem.", "header_image": "images/0b9f3745-f373-4d90-9921-3842e7c40bc6_W3KShgI.JPG", "isSuggested": "Normal", "slug": "real-blog-post", "likes": [1]}}, {"model": "myblog.post", "pk": 45, "fields": {"title": "Belin Gezi Rehberi", "author": 1, "body": "<p><img src=\"/media/uploads/2021/04/27/stefan-widua-ipozf3tqfha-unsplash.jpg\" style=\"height:400px; width:600px\" /></p>\r\n\r\n<p>&nbsp;</p>\r\n\r\n<p>Lorem ipsum dolor sit amet, consectetur adipiscing elit. Morbi id nunc eleifend, fermentum felis id, pellentesque felis. Etiam et orci vitae augue pharetra auctor. Etiam iaculis volutpat euismod. In vel est hendrerit, bibendum mauris nec, tincidunt lorem. Vestibulum sed rhoncus nisl. Nullam eleifend consequat nisl non malesuada. Aliquam nec felis sit amet ante dapibus facilisis non a nibh. Nulla libero massa, elementum eget sem eu, malesuada consequat nisl.</p>\r\n\r\n<p>Curabitur a dolor ante. Morbi tempus ligula sit amet erat lacinia, ac viverra justo sodales. Nulla a tincidunt odio. Nam urna tellus, iaculis molestie sodales a, rutrum ac libero. Etiam ac metus erat. Suspendisse potenti. Ut consequat purus ut dolor pulvinar, ac mattis sem faucibus.</p>\r\n\r\n<p>Suspendisse in enim eu ligula malesuada porta nec nec massa. Integer sed feugiat risus. Aenean finibus magna arcu, sit amet faucibus elit rhoncus et. Aliquam tempus arcu a fermentum tincidunt. Praesent orci risus, sollicitudin non dapibus a, tempor vel sapien. Aenean venenatis eros erat, ac bibendum leo sollicitudin id. Morbi quis magna ac ligula viverra venenatis sed consectetur sem. Suspendisse volutpat risus et mauris molestie eleifend. Donec eget dictum risus. Sed nulla nibh, lobortis ut metus vel, fermentum lacinia mi. Suspendisse vel iaculis dolor. Sed auctor enim et lacus pretium, laoreet ultrices massa sagittis. Aliquam finibus eros eget ex hendrerit, dapibus fermentum dui suscipit.</p>\r\n\r\n<p>Nunc rhoncus turpis et mi gravida, quis hendrerit nisi luctus. Ut non laoreet ipsum. Phasellus ut purus ante. Mauris pulvinar cursus ipsum, vitae tempor diam fringilla nec. In eleifend pellentesque dolor vitae mollis. Curabitur ut iaculis nulla, in venenatis lacus. Class aptent taciti sociosqu ad litora torquent per conubia nostra, per inceptos himenaeos. Mauris nec metus sit amet justo porta euismod eu eget ligula. Fusce in eleifend eros, quis vulputate dui.</p>\r\n\r\n<p>Integer non hendrerit orci. Nunc at libero vel nisl maximus interdum id quis elit. Cras sollicitudin justo non est feugiat consectetur. Proin tristique consectetur augue sed consectetur. Nulla hendrerit dignissim est quis facilisis. In ultricies sed tellus sed commodo. Donec placerat bibendum sodales. Etiam semper, ligula in consectetur pharetra, ante ex mollis tortor, ac porta erat metus quis risus. Morbi aliquet elit sit amet ipsum pretium eleifend a sit amet enim. Aenean sagittis facilisis eros vel sodales. Duis ultrices sem laoreet convallis gravida. Fusce pulvinar ante quis purus aliquam sollicitudin.</p>\r\n\r\n<p>&nbsp;</p>\r\n\r\n<p>&quot;Lorem ipsum dolor sit amet, consectetur adipiscing elit, sed do eiusmod tempor incididunt ut labore et dolore magna aliqua. Ut enim ad minim veniam, quis nostrud exercitation ullamco laboris nisi ut aliquip ex ea commodo consequat. Duis aute irure dolor in reprehenderit in voluptate velit esse cillum dolore eu fugiat nulla pariatur. Excepteur sint occaecat cupidatat non proident, sunt in culpa qui officia deserunt mollit anim id est laborum.&quot;</p>\r\n\r\n<h3>Section 1.10.32 of &quot;de Finibus Bonorum et Malorum&quot;, written by Cicero in 45 BC</h3>\r\n\r\n<p>&quot;Sed ut perspiciatis unde omnis iste natus error sit voluptatem accusantium doloremque laudantium, totam rem aperiam, eaque ipsa quae ab illo inventore veritatis et quasi architecto beatae vitae dicta sunt explicabo. Nemo enim ipsam voluptatem quia voluptas sit aspernatur aut odit aut fugit, sed quia consequuntur magni dolores eos qui ratione voluptatem sequi nesciunt. Neque porro quisquam est, qui dolorem ipsum quia dolor sit amet, consectetur, adipisci velit, sed quia non numquam eius modi tempora incidunt ut labore et dolore magnam aliquam quaerat voluptatem. Ut enim ad minima veniam, quis nostrum exercitationem ullam corporis suscipit laboriosam, nisi ut aliquid ex ea commodi consequatur? Quis autem vel eum iure reprehenderit qui in ea voluptate velit esse quam nihil molestiae consequatur, vel illum qui dolorem eum fugiat quo voluptas nulla pariatur?&quot;</p>\r\n\r\n<h3>1914 translation by H. Rackham</h3>\r\n\r\n<p>&quot;But I must explain to you how all this mistaken idea of denouncing pleasure and praising pain was born and I will give you a complete account of the system, and expound the actual teachings of the great explorer of the truth, the master-builder of human happiness. No one rejects, dislikes, or avoids pleasure itself, because it is pleasure, but because those who do not know how to pursue pleasure rationally encounter consequences that are extremely painful. Nor again is there anyone who loves or pursues or desires to obtain pain of itself, because it is pain, but because occasionally circumstances occur in which toil and pain can procure him some great pleasure. To take a trivial example, which of us ever undertakes laborious physical exercise, except to obtain some advantage from it? But who has any right to find fault with a man who chooses to enjoy a pleasure that has no annoying consequences, or one who avoids a pain that produces no resultant pleasure?&quot;</p>\r\n\r\n<h3>Section 1.10.33 of &quot;de Finibus Bonorum et Malorum&quot;, written by Cicero in 45 BC</h3>\r\n\r\n<p>&quot;At vero eos et accusamus et iusto odio dignissimos ducimus qui blanditiis praesentium voluptatum deleniti atque corrupti quos dolores et quas molestias excepturi sint occaecati cupiditate non provident, similique sunt in culpa qui officia deserunt mollitia animi, id est laborum et dolorum fuga. Et harum quidem rerum facilis est et expedita distinctio. Nam libero tempore, cum soluta nobis est eligendi optio cumque nihil impedit quo minus id quod maxime placeat facere possimus, omnis voluptas assumenda est, omnis dolor repellendus. Temporibus autem quibusdam et aut officiis debitis aut rerum necessitatibus saepe eveniet ut et voluptates repudiandae sint et molestiae non recusandae. Itaque earum rerum hic tenetur a sapiente delectus, ut aut reiciendis voluptatibus maiores alias consequatur aut perferendis doloribus asperiores repellat.&quot;</p>\r\n\r\n<p>&nbsp;</p>\r\n\r\n<p><img alt=\"Here is the text caption\" src=\"/media/uploads/2021/04/01/stefan-widua-ipozf3tqfha-unsplash_8jOxrpL.jpg\" style=\"height:533px; width:800px\" /></p>\r\n\r\n<h6>&nbsp; &nbsp; &nbsp; &nbsp; dasddsadsad</h6>\r\n\r\n<p>&nbsp;</p>\r\n\r\n<p>&nbsp;</p>", "title_tag": "Belin Gezi Rehberi", "date": "2021-04-01", "category": "Coding", "snippet": "dasd ipsum dolor sit amet, consectetur adipiscing elit. Morbi id nunc eleifend, fermentum felis id, pellentesque felis. Etiam et orci vitae augue pharetra auctor. Etiam iaculis volutpat euismod. In vel est hendrerit, bibendum mauris nec, tincidunt lorem.", "header_image": "images/siavash-5QrM3dEf5mA-unsplash.jpg", "isSuggested": "Normal", "slug": "belin-gezi-rehberi-1", "likes": [9]}}, {"model": "myblog.post", "pk": 46, "fields": {"title": "TUM' da öğrenci olmak", "author": 1, "body": "<p>Lorem ipsum dolor sit amet, consectetur adipiscing elit. Morbi id nunc eleifend, fermentum felis id, pellentesque felis. Etiam et orci vitae augue pharetra auctor. Etiam iaculis volutpat euismod. In vel est hendrerit, bibendum mauris nec, tincidunt lorem. Vestibulum sed rhoncus nisl. Nullam eleifend consequat nisl non malesuada. Aliquam nec felis sit amet ante dapibus facilisis non a nibh. Nulla libero massa, elementum eget sem eu, malesuada consequat nisl.</p>\r\n\r\n<p>Curabitur a dolor ante. Morbi tempus ligula sit amet erat lacinia, ac viverra justo sodales. Nulla a tincidunt odio. Nam urna tellus, iaculis molestie sodales a, rutrum ac libero. Etiam ac metus erat. Suspendisse potenti. Ut consequat purus ut dolor pulvinar, ac mattis sem faucibus.</p>\r\n\r\n<p>Suspendisse in enim eu ligula malesuada porta nec nec massa. Integer sed feugiat risus. Aenean finibus magna arcu, sit amet faucibus elit rhoncus et. Aliquam tempus arcu a fermentum tincidunt. Praesent orci risus, sollicitudin non dapibus a, tempor vel sapien. Aenean venenatis eros erat, ac bibendum leo sollicitudin id. Morbi quis magna ac ligula viverra venenatis sed consectetur sem. Suspendisse volutpat risus et mauris molestie eleifend. Donec eget dictum risus. Sed nulla nibh, lobortis ut metus vel, fermentum lacinia mi. Suspendisse vel iaculis dolor. Sed auctor enim et lacus pretium, laoreet ultrices massa sagittis. Aliquam finibus eros eget ex hendrerit, dapibus fermentum dui suscipit.</p>\r\n\r\n<p>Nunc rhoncus turpis et mi gravida, quis hendrerit nisi luctus. Ut non laoreet ipsum. Phasellus ut purus ante. Mauris pulvinar cursus ipsum, vitae tempor diam fringilla nec. In eleifend pellentesque dolor vitae mollis. Curabitur ut iaculis nulla, in venenatis lacus. Class aptent taciti sociosqu ad litora torquent per conubia nostra, per inceptos himenaeos. Mauris nec metus sit amet justo porta euismod eu eget ligula. Fusce in eleifend eros, quis vulputate dui.</p>\r\n\r\n<p>Integer non hendrerit orci. Nunc at libero vel nisl maximus interdum id quis elit. Cras sollicitudin justo non est feugiat consectetur. Proin tristique consectetur augue sed consectetur. Nulla hendrerit dignissim est quis facilisis. In ultricies sed tellus sed commodo. Donec placerat bibendum sodales. Etiam semper, ligula in consectetur pharetra, ante ex mollis tortor, ac porta erat metus quis risus. Morbi aliquet elit sit amet ipsum pretium eleifend a sit amet enim. Aenean sagittis facilisis eros vel sodales. Duis ultrices sem laoreet convallis gravida. Fusce pulvinar ante quis purus aliquam sollicitudin.</p>", "title_tag": "post2", "date": "2021-04-01", "category": "Coding", "snippet": "Lorem ipsum dolor sit amet, consectetur adipiscing elit. Morbi id nunc eleifend, fermentum felis id, pellentesque felis. Etiam et orci vitae augue pharetra auctor. Etiam iaculis volutpat euismod. In vel est hendrerit, bibendum mauris nec, tincidunt lorem.", "header_image": "images/0b9f3745-f373-4d90-9921-3842e7c40bc6_8kTy9Tb.JPG", "isSuggested": "Normal", "slug": "tum-da-ogrenci-olmak", "likes": [1, 9]}}, {"model": "myblog.post", "pk": 48, "fields": {"title": "Milano Gezi Rehberi", "author": 1, "body": "<p>&quot;Lorem ipsum dolor sit amet, consectetur adipiscing elit, sed do eiusmod tempor incididunt ut labore et dolore magna aliqua. Ut enim ad minim veniam, quis nostrud exercitation ullamco laboris nisi ut aliquip ex ea commodo consequat. Duis aute irure dolor in reprehenderit in voluptate velit esse cillum dolore eu fugiat nulla pariatur. Excepteur sint occaecat cupidatat non proident, sunt in culpa qui officia deserunt mollit anim id est laborum.&quot;</p>\r\n\r\n<p><img src=\"/media/uploads/2021/04/19/matteo-jorjoson-m7fs7fnvagq-unsplash.jpg\" style=\"border-style:solid; border-width:3px; float:left; height:400px; margin-left:2px; margin-right:2px; width:599px\" /></p>\r\n\r\n<p>&quot;Lorem ipsum dolor sit amet, consectetur adipiscing elit, sed do eiusmod tempor incididunt ut labore et dolore magna aliqua. Ut enim ad minim veniam, quis nostrud exercitation ullamco laboris nisi ut aliquip ex ea commodo consequat. Duis aute irure dolor in reprehenderit in voluptate velit esse cillum dolore eu fugiat nulla pariatur. Excepteur sint occaecat cupidatat non proident, sunt in culpa qui officia deserunt mollit anim id est laborum.&quot;</p>\r\n\r\n<h3>Section 1.10.32 of &quot;de Finibus Bonorum et Malorum&quot;, written by Cicero in 45 BC</h3>\r\n\r\n<p>&quot;Sed ut perspiciatis unde omnis iste natus error sit voluptatem accusantium doloremque laudantium, totam rem aperiam, eaque ipsa quae ab illo inventore veritatis et quasi architecto beatae vitae dicta sunt explicabo. Nemo enim ipsam voluptatem quia voluptas sit aspernatur aut odit aut fugit, sed quia consequuntur magni dolores eos qui ratione voluptatem sequi nesciunt. Neque porro quisquam est, qui dolorem ipsum quia dolor sit amet, consectetur, adipisci velit, sed quia non numquam eius modi tempora incidunt ut labore et dolore magnam aliquam quaerat voluptatem. Ut enim ad minima veniam, quis nostrum exercitationem ullam corporis suscipit laboriosam, nisi ut aliquid ex ea commodi consequatur? Quis autem vel eum iure reprehenderit qui in ea voluptate velit esse quam nihil molestiae consequatur, vel illum qui dolorem eum fugiat quo voluptas nulla pariatur?&quot;</p>\r\n\r\n<h3>1914 translation by H. Rackham</h3>\r\n\r\n<p>&quot;But I must explain to you how all this mistaken idea of denouncing pleasure and praising pain was born and I will give you a complete account of the system, and expound the actual teachings of the great explorer of the truth, the master-builder of human happiness. No one rejects, dislikes, or avoids pleasure itself, because it is pleasure, but because those who do not know how to pursue pleasure rationally encounter consequences that are extremely painful. Nor again is there anyone who loves or pursues or desires to obtain pain of itself, because it is pain, but because occasionally circumstances occur in which toil and pain can procure him some great pleasure. To take a trivial example, which of us ever undertakes laborious physical exercise, except to obtain some advantage from it? But who has any right to find fault with a man who chooses to enjoy a pleasure that has no annoying consequences, or one who avoids a pain that produces no resultant pleasure?&quot;</p>\r\n\r\n<h3>Section 1.10.33 of &quot;de Finibus Bonorum et Malorum&quot;, written by Cicero in 45 BC</h3>\r\n\r\n<p>&quot;At vero eos et accusamus et iusto odio dignissimos ducimus qui blanditiis praesentium voluptatum deleniti atque corrupti quos dolores et quas molestias excepturi sint occaecati cupiditate non provident, similique sunt in culpa qui officia deserunt mollitia animi, id est laborum et dolorum fuga. Et harum quidem rerum facilis est et expedita distinctio. Nam libero tempore, cum soluta nobis est eligendi optio cumque nihil impedit quo minus id quod maxime placeat facere possimus, omnis voluptas assumenda est, omnis dolor repellendus. Temporibus autem quibusdam et aut officiis debitis aut rerum necessitatibus saepe eveniet ut et voluptates repudiandae sint et molestiae non recusandae. Itaque earum rerum hic tenetur a sapiente delectus, ut aut reiciendis voluptatibus maiores alias consequatur aut perferendis doloribus asperiores repellat.&quot;</p>\r\n\r\n<p>&nbsp;</p>\r\n\r\n<p><img alt=\"\" src=\"/media/uploads/2021/04/01/szymon-fischer-l2utohloi-c-unsplash.jpg\" style=\"height:500px; width:400px\" /></p>\r\n\r\n<p>&quot;Sed ut perspiciatis unde omnis iste natus error sit voluptatem accusantium doloremque laudantium, totam rem aperiam, eaque ipsa quae ab illo inventore veritatis et quasi architecto beatae vitae dicta sunt explicabo. Nemo enim ipsam voluptatem quia voluptas sit aspernatur aut odit aut fugit, sed quia consequuntur magni dolores eos qui ratione voluptatem sequi nesciunt. Neque porro quisquam est, qui dolorem ipsum quia dolor sit amet, consectetur, adipisci velit, sed quia non numquam eius modi tempora incidunt ut labore et dolore magnam aliquam quaerat voluptatem. Ut enim ad minima veniam, quis nostrum exercitationem ullam corporis suscipit laboriosam, nisi ut aliquid ex ea commodi consequatur? Quis autem vel eum iure reprehenderit qui in ea voluptate velit esse quam nihil molestiae consequatur, vel illum qui dolorem eum fugiat quo voluptas nulla pariatur?&quot;</p>\r\n\r\n<h3>1914 translation by H. Rackham</h3>\r\n\r\n<p>&quot;But I must explain to you how all this mistaken idea of denouncing pleasure and praising pain was born and I will give you a complete account of the system, and expound the actual teachings of the great explorer of the truth, the master-builder of human happiness. No one rejects, dislikes, or avoids pleasure itself, because it is pleasure, but because those who do not know how to pursue pleasure rationally encounter consequences that are extremely painful. Nor again is there anyone who loves or pursues or desires to obtain pain of itself, because it is pain, but because occasionally circumstances occur in which toil and pain can procure him some great pleasure. To take a trivial example, which of us ever undertakes laborious physical exercise, except to obtain some advantage from it? But who has any right to find fault with a man who chooses to enjoy a pleasure that has no annoying consequences, or one who avoids a pain that produces no resultant pleasure?&quot;</p>\r\n\r\n<h3>Section 1.10.33 of &quot;de Finibus Bonorum et Malorum&quot;, written by Cicero in 45 BC</h3>\r\n\r\n<p>&quot;At vero eos et accusamus et iusto odio dignissimos ducimus qui blanditiis praesentium voluptatum deleniti atque corrupti quos dolores et quas molestias excepturi sint occaecati cupiditate non provident, similique sunt in culpa qui officia deserunt mollitia animi, id est laborum et dolorum fuga. Et harum quidem rerum facilis est et expedita distinctio. Nam libero tempore, cum soluta nobis est eligendi optio cumque nihil impedit quo minus id quod maxime placeat facere possimus, omnis voluptas assumenda est, omnis dolor repellendus. Temporibus autem quibusdam et aut officiis debitis aut rerum necessitatibus saepe eveniet ut et voluptates repudiandae sint et molestiae non recusandae. Itaque earum rerum hic tenetur a sapiente delectus, ut aut reiciendis voluptatibus maiores alias consequatur aut perferendis doloribus asperiores repellat.&quot;</p>\r\n\r\n<p>&nbsp;</p>\r\n\r\n<p><img alt=\"\" src=\"/media/uploads/2021/04/01/szymon-fischer-bodfq7d3jyo-unsplash.jpg\" style=\"height:787px; width:600px\" /></p>\r\n\r\n<p>&nbsp;</p>\r\n\r\n<p>&quot;Sed ut perspiciatis unde omnis iste natus error sit voluptatem accusantium doloremque laudantium, totam rem aperiam, eaque ipsa quae ab illo inventore veritatis et quasi architecto beatae vitae dicta sunt explicabo. Nemo enim ipsam voluptatem quia voluptas sit aspernatur aut odit aut fugit, sed quia consequuntur magni dolores eos qui ratione voluptatem sequi nesciunt. Neque porro quisquam est, qui dolorem ipsum quia dolor sit amet, consectetur, adipisci velit, sed quia non numquam eius modi tempora incidunt ut labore et dolore magnam aliquam quaerat voluptatem. Ut enim ad minima veniam, quis nostrum exercitationem ullam corporis suscipit laboriosam, nisi ut aliquid ex ea commodi consequatur? Quis autem vel eum iure reprehenderit qui in ea voluptate velit esse quam nihil molestiae consequatur, vel illum qui dolorem eum fugiat quo voluptas nulla pariatur?&quot;</p>\r\n\r\n<h3>1914 translation by H. Rackham</h3>\r\n\r\n<p>&quot;But I must explain to you how all this mistaken idea of denouncing pleasure and praising pain was born and I will give you a complete account of the system, and expound the actual teachings of the great explorer of the truth, the master-builder of human happiness. No one rejects, dislikes, or avoids pleasure itself, because it is pleasure, but because those who do not know how to pursue pleasure rationally encounter consequences that are extremely painful. Nor again is there anyone who loves or pursues or desires to obtain pain of itself, because it is pain, but because occasionally circumstances occur in which toil and pain can procure him some great pleasure. To take a trivial example, which of us ever undertakes laborious physical exercise, except to obtain some advantage from it? But who has any right to find fault with a man who chooses to enjoy a pleasure that has no annoying consequences, or one who avoids a pain that produces no resultant pleasure?&quot;</p>\r\n\r\n<h3>Section 1.10.33 of &quot;de Finibus Bonorum et Malorum&quot;, written by Cicero in 45 BC</h3>\r\n\r\n<p>&quot;At vero eos et accusamus et iusto odio dignissimos ducimus qui blanditiis praesentium voluptatum deleniti atque corrupti quos dolores et quas molestias excepturi sint occaecati cupiditate non provident, similique sunt in culpa qui officia deserunt mollitia animi, id est laborum et dolorum fuga. Et harum quidem rerum facilis est et expedita distinctio. Nam libero tempore, cum soluta nobis est eligendi optio cumque nihil impedit quo minus id quod maxime placeat facere possimus, omnis voluptas assumenda est, omnis dolor repellendus. Temporibus autem quibusdam et aut officiis debitis aut rerum necessitatibus saepe eveniet ut et voluptates repudiandae sint et molestiae non recusandae. Itaque earum rerum hic tenetur a sapiente delectus, ut aut reiciendis voluptatibus maiores alias consequatur aut perferendis doloribus asperiores repellat.&quot;</p>\r\n\r\n<p>&nbsp;</p>\r\n\r\n<p>&nbsp;</p>", "title_tag": "Milano", "date": "2021-04-01", "category": "Entertainment", "snippet": "\"Sed ut perspiciatis unde omnis iste natus error sit voluptatem accusantium doloremque laudantium, totam rem aperiam, eaque ipsa quae ab illo inventore veritatis et quasi architecto beatae vitae dicta sunt explicabo. Nemo enim ipsam voluptatem quia volupt", "header_image": "images/matteo-jorjoson-M7fS7fnvAGQ-unsplash.jpg", "isSuggested": "Normal", "slug": "milano-gezi-rehberi-1", "likes": [1]}}, {"model": "myblog.post", "pk": 49, "fields": {"title": "This will be another test post ha", "author": 1, "body": "<h3><img src=\"/media/uploads/2021/04/19/20825.jpg\" style=\"height:600px; width:600px\" /></h3>\r\n\r\n<h3>1. Measurement Systems: Celsius, Fahrenheit and Kelvins</h3>\r\n\r\n<p>One thing you need to know when writing temperatures is which scale to use. The three most common options are Celsius, Fahrenheit, and kelvins:</p>\r\n\r\n<ul>\r\n\t<li>The&nbsp;<strong>Fahrenheit scale</strong>&nbsp;measures temperatures in degrees Fahrenheit (&deg;F). In this system, water freezes at 32&deg;F and boils at 212&deg;F. This scale used to be common around the world, but now it is mostly<img src=\"/media/uploads/2021/04/10/matteo-jorjoson-m7fs7fnvagq-unsplash.jpg\" style=\"height:0px; width:0px\" /> used in the US.</li>\r\n\t<li>Most countries outside the US now use the&nbsp;<strong>Celsius scale</strong>, which measures temperatures in degrees Celsius (&deg;C). On this scale, water freezes at 0&deg;C and boils at 100&deg;C. This system is also known by the older term &ldquo;centigrade,&rdquo; but &ldquo;Celsius&rdquo; is now standard.</li>\r\n\t<li>The&nbsp;<strong>Kelvin scale</strong>&nbsp;is used in scientific writing. It differs from the systems above in that it begins at absolute zero (so it has no negative numbers). In addition, this system uses &ldquo;kelvins&rdquo; or &ldquo;K,&rdquo; not &ldquo;degrees kelvin.&rdquo;</li>\r\n</ul>\r\n\r\n<p>We&rsquo;ll look more at how these systems differ in writing below.</p>\r\n\r\n<h3>2. Writing Out Numbers: Words or Numerals?</h3>\r\n\r\n<p>When&nbsp;<a href=\"https://getproofed.com/writing-tips/one-2-iii-using-numbers-in-academic-writing/\" rel=\"noopener noreferrer\" target=\"_blank\">writing numbers</a>, it&rsquo;s usually best to write out one through nine (e.g., one, two, three) and use numerals for 10 and higher (e.g., 12, 19, 521). This can vary depending on your style guide, though (e.g.,&nbsp;<a href=\"https://www.chicagomanualofstyle.org/home.html\" rel=\"noopener noreferrer\" target=\"_blank\"><em>CMoS</em></a>&nbsp;suggests writing out numbers up to 100), so make sure to check.</p>\r\n\r\n<p>So, how does this affect temperatures? As with any numbers, it depends on the context in which you use them. Generally, though, we suggest:</p>\r\n\r\n<ul>\r\n\t<li>Using numerals in&nbsp;<strong>scientific or technical writing</strong>, particularly if you&rsquo;re also using the degree symbol or an abbreviated unit of measurement.</li>\r\n\t<li>Spelling out temperatures as&nbsp;<strong>words</strong>&nbsp;in&nbsp;<strong>literary or descriptive writing</strong>, especially for smaller or round numbers.</li>\r\n</ul>\r\n\r\n<p>For instance, if you mentioned a low or round temperature in the&nbsp;<a href=\"https://getproofed.com/writing-tips/3-tips-writing-dialogue-fiction/\" rel=\"noopener noreferrer\" target=\"_blank\">dialogue of a novel</a>, you&rsquo;d usually write out the number and unit of temperature:</p>\r\n\r\n<p><em>&ldquo;I think he&rsquo;s lost his marbles,&rdquo; Darcy said with exasperation. &ldquo;</em><em>He keeps his house at only</em><em>&nbsp;<strong>three degrees Celsius</strong>&nbsp;in the winter!&rdquo;</em></p>\r\n\r\n<p>And if you were dealing with larger or more complex numbers, you could combine a numeral (for the number) and words (for the unit of measurement) in a single sentence. For instance:</p>\r\n\r\n<p><em>&ldquo;I wouldn&rsquo;t touch that,&rdquo; she said. &ldquo;It heats up to around&nbsp;<strong>650 degrees Celsius</strong>.&rdquo;</em></p>\r\n\r\n<p>However, in scientific or technical writing, you&rsquo;d normally use a numeral plus an abbreviated measurement (e.g., &ldquo;&deg;C&rdquo; instead of &ldquo;degrees Celsius&rdquo;):</p>\r\n\r\n<p><em>In this experiment, the water reached&nbsp;<strong>180&deg;C</strong>.</em></p>\r\n\r\n<p><em>The temperature hit a low of&nbsp;<strong>6&deg;F</strong>.</em></p>\r\n\r\n<p>As shown, this applies even for temperatures below ten degrees.</p>\r\n\r\n<p>In less formal writing, meanwhile, the choice of whether to use numerals or words is broadly a matter of preference. Numerals are clearer in most cases, though, so keep your reader in mind.</p>\r\n\r\n<h3>3. To Space or Not to Space?</h3>\r\n\r\n<p>In the examples above, we&rsquo;ve written temperatures without a space between the numeral and the unit of measurement when using the degree symbol.</p>\r\n\r\n<p>However, some prefer to write temperatures with a space. For instance, the&nbsp;<em>Chicago Manual of Style</em>&nbsp;and the&nbsp;<em>APA Style Guide</em>&nbsp;differ on this point:</p>\r\n\r\n<p><strong>Chicago Style:&nbsp;</strong><em>The temperature will reach<strong>&nbsp;120&deg;C.</strong></em></p>\r\n\r\n<p><strong>APA Style:&nbsp;</strong><em>The temperature will reach<strong>&nbsp;120 &deg;C.</strong></em></p>\r\n\r\n<p>If you&rsquo;re not using a specific style guide, either approach is acceptable. Just make sure to apply consistent spacing across all temperatures in a document.</p>\r\n\r\n<h3>4. The Kelvin Scale: Temperatures Without Degrees</h3>\r\n\r\n<p>The Kelvin scale is not measured in &ldquo;degrees.&rdquo; Thus, with this temperature scale, you will not need the degree symbol or the word &ldquo;degrees&rdquo;:</p>\r\n\r\n<p><em>In this experiment, the water reached&nbsp;<strong>453 K</strong>.&nbsp;</em><strong>✔</strong></p>\r\n\r\n<p><em>In this experiment, the water reached&nbsp;<strong>453&deg;K</strong>.&nbsp;</em><strong>✘</strong></p>\r\n\r\n<p><em>The ideal temperature is&nbsp;<strong>295.15 kelvins</strong>.&nbsp;</em><strong>✔</strong></p>\r\n\r\n<p><em>The ideal temperature is&nbsp;<strong>295.15</strong>&nbsp;<strong>degrees kelvin</strong>.&nbsp;</em><strong>✘</strong></p>\r\n\r\n<p>Kelvins are often used alongside degrees Celsius in scientific writing, so make sure you don&rsquo;t confuse how temperatures are written in each system.</p>", "title_tag": "idk", "date": "2021-04-10", "category": "Entertainment", "snippet": "1. Measurement Systems: Celsius, Fahrenheit and KelvinsOne thing you need to know when writing temperatures is which scale to use. The three most common options are Celsius, Fahrenheit, and kelvins:The Fahrenheit scale measures tempera", "header_image": "images/20825.jpg", "isSuggested": "Normal", "slug": "this-will-be-another-test-post-ha-1", "likes": []}}, {"model": "myblog.post", "pk": 56, "fields": {"title": "Other test post", "author": 1, "body": "<p>dasfasf</p>", "title_tag": "Other test post", "date": "2021-05-08", "category": "Coding", "snippet": "fdsfds", "header_image": "images/szymon-fischer-l2UtoHlOi-c-unsplash.jpg", "isSuggested": "Normal", "slug": "other-test-post-1", "likes": []}}, {"model": "myblog.post", "pk": 57, "fields": {"title": "This is the title", "author": 1, "body": "<p>fsafsa</p>", "title_tag": "This is the title", "date": "2021-05-08", "category": "History", "snippet": "asfsaf Morein fogoe stoher eanot jh eron esd ono thing asfsaf Morein fogoe stoher eanot jh eron esd ono thing asfsaf Morein fogoe stoher eanot jh eron esd ono thing", "header_image": "images/szymon-fischer-bODFQ7D3JYo-unsplash.jpg", "isSuggested": "Normal", "slug": "this-is-the-title-1", "likes": []}}, {"model": "myblog.post", "pk": 58, "fields": {"title": "Official Test 1", "author": 1, "body": "<h3>&nbsp;</h3>\r\n\r\n<h1><strong>The standard Lorem Ipsum passage, used since the 1500s</strong></h1>\r\n\r\n<p>&nbsp;</p>\r\n\r\n<h3><img alt=\"\" src=\"/media/uploads/2021/07/09/szymon-fischer-bodfq7d3jyo-unsplash.jpg\" style=\"float:left; height:1000px; width:763px\" /></h3>\r\n\r\n<h3>&nbsp;</h3>\r\n\r\n<h3>&nbsp;</h3>\r\n\r\n<p>&quot;Lorem ipsum dolor sit amet, consectetur adipiscing elit, sed do eiusmod tempor incididunt ut labore et dolore magna aliqua. Ut enim ad minim veniam, quis nostrud exercitation ullamco laboris nisi ut aliquip ex ea commodo consequat. Duis aute irure dolor in reprehenderit in voluptate velit esse cillum dolore eu fugiat nulla pariatur. Excepteur sint occaecat cupidatat non proident, sunt in culpa qui officia deserunt mollit anim id est laborum.&quot;</p>\r\n\r\n<h3>Section 1.10.32 of &quot;de Finibus Bonorum et Malorum&quot;, written by Cicero in 45 BC</h3>\r\n\r\n<p>&quot;Sed ut perspiciatis unde omnis iste natus error sit voluptatem accusantium doloremque laudantium, totam rem aperiam, eaque ipsa quae ab illo inventore veritatis et quasi architecto beatae vitae dicta sunt explicabo. Nemo enim ipsam voluptatem quia voluptas sit aspernatur aut odit aut fugit, sed quia consequuntur magni dolores eos qui ratione voluptatem sequi nesciunt. Neque porro quisquam est, qui dolorem ipsum quia dolor sit amet, consectetur, adipisci velit, sed quia non numquam eius modi tempora incidunt ut labore et dolore magnam aliquam quaerat voluptatem. Ut enim ad minima veniam, quis nostrum exercitationem ullam corporis suscipit laboriosam, nisi ut aliquid ex ea commodi consequatur? Quis autem vel eum iure reprehenderit qui in ea voluptate velit esse quam nihil molestiae consequatur, vel illum qui dolorem eum fugiat quo voluptas nulla pariatur?&quot;</p>\r\n\r\n<h3>1914 translation by H. Rackham</h3>\r\n\r\n<p>&quot;But I must explain to you how all this mistaken idea of denouncing pleasure and praising pain was born and I will give you a complete account of the system, and expound the actual teachings of the great explorer of the truth, the master-builder of human happiness. No one rejects, dislikes, or avoids pleasure itself, because it is pleasure, but because those who do not know how to pursue pleasure rationally encounter consequences that are extremely painful. Nor again is there anyone who loves or pursues or desires to obtain pain of itself, because it is pain, but because occasionally circumstances occur in which toil and pain can procure him some great pleasure. To take a trivial example, which of us ever undertakes laborious physical exercise, except to obtain some advantage from it? But who has any right to find fault with a man who chooses to enjoy a pleasure that has no annoying consequences, or one who avoids a pain that produces no resultant pleasure?&quot;</p>\r\n\r\n<h3>Section 1.10.33 of &quot;de Finibus Bonorum et Malorum&quot;, written by Cicero in 45 BC</h3>\r\n\r\n<p>&quot;At vero eos et accusamus et iusto odio dignissimos ducimus qui blanditiis praesentium voluptatum deleniti atque corrupti quos dolores et quas molestias excepturi sint occaecati cupiditate non provident, similique sunt in culpa qui officia deserunt mollitia animi, id est laborum et dolorum fuga. Et harum quidem rerum facilis est et expedita distinctio. Nam libero tempore, cum soluta nobis est eligendi optio cumque nihil impedit quo minus id quod maxime placeat facere possimus, omnis voluptas assumenda est, omnis dolor repellendus. Temporibus autem quibusdam et aut officiis debitis aut rerum necessitatibus saepe eveniet ut et voluptates repudiandae sint et molestiae non recusandae. Itaque earum rerum hic tenetur a sapiente delectus, ut aut reiciendis voluptatibus maiores alias consequatur aut perferendis doloribus asperiores repellat.&quot;</p>\r\n\r\n<h3>1914 translation by H. Rackham</h3>\r\n\r\n<p>&quot;On the other hand, we denounce with righteous indignation and dislike men who are so beguiled and demoralized by the charms of pleasure of the moment, so blinded by desire, that they cannot foresee the pain and trouble that are bound to ensue; and equal blame belongs to those who fail in their duty through weakness of will, which is the same as saying through shrinking from toil and pain. These cases are perfectly simple and easy to distinguish. In a free hour, when our power of choice is untrammelled and when nothing prevents our being able to do what we like best, every pleasure is to be welcomed and every pain avoided. But in certain circumstances and owing to the claims of duty or the obligations of business it will frequently occur that pleasures have to be repudiated and annoyances accepted. The wise man therefore always holds in these matters to this principle of selection: he rejects pleasures to secure other greater pleasures, or else he endures pains to avoid worse pains.&quot;</p>", "title_tag": "Official Test 1", "date": "2021-07-09", "category": "History", "snippet": "Lorem ipsum dolor sit amet, consectetur adipiscing elit, sed do eiusmod tempor incididunt ut labore et dolore magna aliqua. Ut enim ad minim veniam, quis nostrud exercitation ullamco laboris nisi ut aliquip ex ea commodo consequat. Duis aute irure dol", "header_image": "images/szymon-fischer-bODFQ7D3JYo-unsplash_hAINiOD.jpg", "isSuggested": "Normal", "slug": "official-test-1", "likes": []}}, {"model": "myblog.post", "pk": 59, "fields": {"title": "Official Test 2", "author": 1, "body": "<p><img src=\"/media/uploads/2021/07/09/szymon-fischer-l2utohloi-c-unsplash.jpg\" style=\"height:2865px; width:2292px\" /></p>\r\n\r\n<p>&nbsp;</p>\r\n\r\n<h3>The standard Lorem Ipsum passage, used since the 1500s</h3>\r\n\r\n<p>&quot;Lorem ipsum dolor sit amet, consectetur adipiscing elit, sed do eiusmod tempor incididunt ut labore et dolore magna aliqua. Ut enim ad minim veniam, quis nostrud exercitation ullamco laboris nisi ut aliquip ex ea commodo consequat. Duis aute irure dolor in reprehenderit in voluptate velit esse cillum dolore eu fugiat nulla pariatur. Excepteur sint occaecat cupidatat non proident, sunt in culpa qui officia deserunt mollit anim id est laborum.&quot;</p>\r\n\r\n<h3>Section 1.10.32 of &quot;de Finibus Bonorum et Malorum&quot;, written by Cicero in 45 BC</h3>\r\n\r\n<p>&quot;Sed ut perspiciatis unde omnis iste natus error sit voluptatem accusantium doloremque laudantium, totam rem aperiam, eaque ipsa quae ab illo inventore veritatis et quasi architecto beatae vitae dicta sunt explicabo. Nemo enim ipsam voluptatem quia voluptas sit aspernatur aut odit aut fugit, sed quia consequuntur magni dolores eos qui ratione voluptatem sequi nesciunt. Neque porro quisquam est, qui dolorem ipsum quia dolor sit amet, consectetur, adipisci velit, sed quia non numquam eius modi tempora incidunt ut labore et dolore magnam aliquam quaerat voluptatem. Ut enim ad minima veniam, quis nostrum exercitationem ullam corporis suscipit laboriosam, nisi ut aliquid ex ea commodi consequatur? Quis autem vel eum iure reprehenderit qui in ea voluptate velit esse quam nihil molestiae consequatur, vel illum qui dolorem eum fugiat quo voluptas nulla pariatur?&quot;</p>\r\n\r\n<h3>1914 translation by H. Rackham</h3>\r\n\r\n<p>&quot;But I must explain to you how all this mistaken idea of denouncing pleasure and praising pain was born and I will give you a complete account of the system, and expound the actual teachings of the great explorer of the truth, the master-builder of human happiness. No one rejects, dislikes, or avoids pleasure itself, because it is pleasure, but because those who do not know how to pursue pleasure rationally encounter consequences that are extremely painful. Nor again is there anyone who loves or pursues or desires to obtain pain of itself, because it is pain, but because occasionally circumstances occur in which toil and pain can procure him some great pleasure. To take a trivial example, which of us ever undertakes laborious physical exercise, except to obtain some advantage from it? But who has any right to find fault with a man who chooses to enjoy a pleasure that has no annoying consequences, or one who avoids a pain that produces no resultant pleasure?&quot;</p>\r\n\r\n<h3>Section 1.10.33 of &quot;de Finibus Bonorum et Malorum&quot;, written by Cicero in 45 BC</h3>\r\n\r\n<p>&quot;At vero eos et accusamus et iusto odio dignissimos ducimus qui blanditiis praesentium voluptatum deleniti atque corrupti quos dolores et quas molestias excepturi sint occaecati cupiditate non provident, similique sunt in culpa qui officia deserunt mollitia animi, id est laborum et dolorum fuga. Et harum quidem rerum facilis est et expedita distinctio. Nam libero tempore, cum soluta nobis est eligendi optio cumque nihil impedit quo minus id quod maxime placeat facere possimus, omnis voluptas assumenda est, omnis dolor repellendus. Temporibus autem quibusdam et aut officiis debitis aut rerum necessitatibus saepe eveniet ut et voluptates repudiandae sint et molestiae non recusandae. Itaque earum rerum hic tenetur a sapiente delectus, ut aut reiciendis voluptatibus maiores alias consequatur aut perferendis doloribus asperiores repellat.&quot;</p>\r\n\r\n<h3>1914 translation by H. Rackham</h3>\r\n\r\n<p>&quot;On the other hand, we denounce with righteous indignation and dislike men who are so beguiled and demoralized by the charms of pleasure of the moment, so blinded by desire, that they cannot foresee the pain and trouble that are bound to ensue; and equal blame belongs to those who fail in their duty through weakness of will, which is the same as saying through shrinking from toil and pain. These cases are perfectly simple and easy to distinguish. In a free hour, when our power of choice is untrammelled and when nothing prevents our being able to do what we like best, every pleasure is to be welcomed and every pain avoided. But in certain circumstances and owing to the claims of duty or the obligations of business it will frequently occur that pleasures have to be repudiated and annoyances accepted. The wise man therefore always holds in these matters to this principle of selection: he rejects pleasures to secure other greater pleasures, or else he endures pains to avoid worse pains.&quot;</p>", "title_tag": "Official Test 2", "date": "2021-07-09", "category": "Entertainment", "snippet": "The standard Lorem Ipsum passage, used since the 1500s\r\n\"Lorem ipsum dolor sit amet, consectetur adipiscing elit, sed do eiusmod tempor incididunt ut labore et dolore magna aliqua. Ut enim ad minim veniam, quis nostrud exercitation ullamco laboris nisi ut", "header_image": "images/szymon-fischer-l2UtoHlOi-c-unsplash_aPSd8wN.jpg", "isSuggested": "HighlySuggested", "slug": "official-test-2", "likes": []}}, {"model": "myblog.post", "pk": 60, "fields": {"title": "Official Test 3", "author": 1, "body": "<h1>The standard Lorem Ipsum passage, used since the 1500s</h1>\r\n\r\n<p><img src=\"/media/uploads/2021/07/09/siavash-5qrm3def5ma-unsplash.jpg\" style=\"height:750px; width:1000px\" /></p>\r\n\r\n<p>&quot;Lorem ipsum dolor sit amet, consectetur adipiscing elit, sed do eiusmod tempor incididunt ut labore et dolore magna aliqua. Ut enim ad minim veniam, quis nostrud exercitation ullamco laboris nisi ut aliquip ex ea commodo consequat. Duis aute irure dolor in reprehenderit in voluptate velit esse cillum dolore eu fugiat nulla pariatur. Excepteur sint occaecat cupidatat non proident, sunt in culpa qui officia deserunt mollit anim id est laborum.&quot;</p>\r\n\r\n<h3>Section 1.10.32 of &quot;de Finibus Bonorum et Malorum&quot;, written by Cicero in 45 BC</h3>\r\n\r\n<p>&quot;Sed ut perspiciatis unde omnis iste natus error sit voluptatem accusantium doloremque laudantium, totam rem aperiam, eaque ipsa quae ab illo inventore veritatis et quasi architecto beatae vitae dicta sunt explicabo. Nemo enim ipsam voluptatem quia voluptas sit aspernatur aut odit aut fugit, sed quia consequuntur magni dolores eos qui ratione voluptatem sequi nesciunt. Neque porro quisquam est, qui dolorem ipsum quia dolor sit amet, consectetur, adipisci velit, sed quia non numquam eius modi tempora incidunt ut labore et dolore magnam aliquam quaerat voluptatem. Ut enim ad minima veniam, quis nostrum exercitationem ullam corporis suscipit laboriosam, nisi ut aliquid ex ea commodi consequatur? Quis autem vel eum iure reprehenderit qui in ea voluptate velit esse quam nihil molestiae consequatur, vel illum qui dolorem eum fugiat quo voluptas nulla pariatur?&quot;</p>\r\n\r\n<h3>1914 translation by H. Rackham</h3>\r\n\r\n<p>&quot;But I must explain to you how all this mistaken idea of denouncing pleasure and praising pain was born and I will give you a complete account of the system, and expound the actual teachings of the great explorer of the truth, the master-builder of human happiness. No one rejects, dislikes, or avoids pleasure itself, because it is pleasure, but because those who do not know how to pursue pleasure rationally encounter consequences that are extremely painful. Nor again is there anyone who loves or pursues or desires to obtain pain of itself, because it is pain, but because occasionally circumstances occur in which toil and pain can procure him some great pleasure. To take a trivial example, which of us ever undertakes laborious physical exercise, except to obtain some advantage from it? But who has any right to find fault with a man who chooses to enjoy a pleasure that has no annoying consequences, or one who avoids a pain that produces no resultant pleasure?&quot;</p>\r\n\r\n<h3>Section 1.10.33 of &quot;de Finibus Bonorum et Malorum&quot;, written by Cicero in 45 BC</h3>\r\n\r\n<p>&quot;At vero eos et accusamus et iusto odio dignissimos ducimus qui blanditiis praesentium voluptatum deleniti atque corrupti quos dolores et quas molestias excepturi sint occaecati cupiditate non provident, similique sunt in culpa qui officia deserunt mollitia animi, id est laborum et dolorum fuga. Et harum quidem rerum facilis est et expedita distinctio. Nam libero tempore, cum soluta nobis est eligendi optio cumque nihil impedit quo minus id quod maxime placeat facere possimus, omnis voluptas assumenda est, omnis dolor repellendus. Temporibus autem quibusdam et aut officiis debitis aut rerum necessitatibus saepe eveniet ut et voluptates repudiandae sint et molestiae non recusandae. Itaque earum rerum hic tenetur a sapiente delectus, ut aut reiciendis voluptatibus maiores alias consequatur aut perferendis doloribus asperiores repellat.&quot;</p>\r\n\r\n<h3>1914 translation by H. Rackham</h3>\r\n\r\n<p>&quot;On the other hand, we denounce with righteous indignation and dislike men who are so beguiled and demoralized by the charms of pleasure of the moment, so blinded by desire, that they cannot foresee the pain and trouble that are bound to ensue; and equal blame belongs to those who fail in their duty through weakness of will, which is the same as saying through shrinking from toil and pain. These cases are perfectly simple and easy to distinguish. In a free hour, when our power of choice is untrammelled and when nothing prevents our being able to do what we like best, every pleasure is to be welcomed and every pain avoided. But in certain circumstances and owing to the claims of duty or the obligations of business it will frequently occur that pleasures have to be repudiated and annoyances accepted. The wise man therefore always holds in these matters to this principle of selection: he rejects pleasures to secure other greater pleasures, or else he endures pains to avoid worse pains.&quot;</p>\r\n\r\n<p>&nbsp;</p>", "title_tag": "Official Test 3", "date": "2021-07-09", "category": "Science", "snippet": "\"Lorem ipsum dolor sit amet, consectetur adipiscing elit, sed do eiusmod tempor incididunt ut labore et dolore magna aliqua. Ut enim ad minim veniam, quis nostrud exercitation ullamco laboris nisi ut aliquip ex ea commodo consequat. Duis aute irure dolor", "header_image": "images/francesco-ungaro-p0h75N9EgqI-unsplash_iaHKp8P.jpg", "isSuggested": "HighlySuggested", "slug": "official-test-3", "likes": []}}, {"model": "myblog.post", "pk": 61, "fields": {"title": "Official Test 4", "author": 1, "body": "<h1><strong>Official Test 4 Header</strong></h1>\r\n\r\n<p>&nbsp;</p>\r\n\r\n<p><img src=\"/media/uploads/2021/07/09/francesco-ungaro-p0h75n9egqi-unsplash.jpg\" style=\"height:1350px; width:900px\" /></p>\r\n\r\n<p>&nbsp;</p>\r\n\r\n<p>&quot;Lorem ipsum dolor sit amet, consectetur adipiscing elit, sed do eiusmod tempor incididunt ut labore et dolore magna aliqua. Ut enim ad minim veniam, quis nostrud exercitation ullamco laboris nisi ut aliquip ex ea commodo consequat. Duis aute irure dolor in reprehenderit in voluptate velit esse cillum dolore eu fugiat nulla pariatur. Excepteur sint occaecat cupidatat non proident, sunt in culpa qui officia deserunt mollit anim id est laborum.&quot;</p>\r\n\r\n<h3>Section 1.10.32 of &quot;de Finibus Bonorum et Malorum&quot;, written by Cicero in 45 BC</h3>\r\n\r\n<p>&quot;Sed ut perspiciatis unde omnis iste natus error sit voluptatem accusantium doloremque laudantium, totam rem aperiam, eaque ipsa quae ab illo inventore veritatis et quasi architecto beatae vitae dicta sunt explicabo. Nemo enim ipsam voluptatem quia voluptas sit aspernatur aut odit aut fugit, sed quia consequuntur magni dolores eos qui ratione voluptatem sequi nesciunt. Neque porro quisquam est, qui dolorem ipsum quia dolor sit amet, consectetur, adipisci velit, sed quia non numquam eius modi tempora incidunt ut labore et dolore magnam aliquam quaerat voluptatem. Ut enim ad minima veniam, quis nostrum exercitationem ullam corporis suscipit laboriosam, nisi ut aliquid ex ea commodi consequatur? Quis autem vel eum iure reprehenderit qui in ea voluptate velit esse quam nihil molestiae consequatur, vel illum qui dolorem eum fugiat quo voluptas nulla pariatur?&quot;</p>\r\n\r\n<h3>1914 translation by H. Rackham</h3>\r\n\r\n<p>&quot;But I must explain to you how all this mistaken idea of denouncing pleasure and praising pain was born and I will give you a complete account of the system, and expound the actual teachings of the great explorer of the truth, the master-builder of human happiness. No one rejects, dislikes, or avoids pleasure itself, because it is pleasure, but because those who do not know how to pursue pleasure rationally encounter consequences that are extremely painful. Nor again is there anyone who loves or pursues or desires to obtain pain of itself, because it is pain, but because occasionally circumstances occur in which toil and pain can procure him some great pleasure. To take a trivial example, which of us ever undertakes laborious physical exercise, except to obtain some advantage from it? But who has any right to find fault with a man who chooses to enjoy a pleasure that has no annoying consequences, or one who avoids a pain that produces no resultant pleasure?&quot;</p>\r\n\r\n<h3>Section 1.10.33 of &quot;de Finibus Bonorum et Malorum&quot;, written by Cicero in 45 BC</h3>\r\n\r\n<p>&quot;At vero eos et accusamus et iusto odio dignissimos ducimus qui blanditiis praesentium voluptatum deleniti atque corrupti quos dolores et quas molestias excepturi sint occaecati cupiditate non provident, similique sunt in culpa qui officia deserunt mollitia animi, id est laborum et dolorum fuga. Et harum quidem rerum facilis est et expedita distinctio. Nam libero tempore, cum soluta nobis est eligendi optio cumque nihil impedit quo minus id quod maxime placeat facere possimus, omnis voluptas assumenda est, omnis dolor repellendus. Temporibus autem quibusdam et aut officiis debitis aut rerum necessitatibus saepe eveniet ut et voluptates repudiandae sint et molestiae non recusandae. Itaque earum rerum hic tenetur a sapiente delectus, ut aut reiciendis voluptatibus maiores alias consequatur aut perferendis doloribus asperiores repellat.&quot;</p>\r\n\r\n<h3>1914 translation by H. Rackham</h3>\r\n\r\n<p>&quot;On the other hand, we denounce with righteous indignation and dislike men who are so beguiled and demoralized by the charms of pleasure of the moment, so blinded by desire, that they cannot foresee the pain and trouble that are bound to ensue; and equal blame belongs to those who fail in their duty through weakness of will, which is the same as saying through shrinking from toil and pain. These cases are perfectly simple and easy to distinguish. In a free hour, when our power of choice is untrammelled and when nothing prevents our being able to do what we like best, every pleasure is to be welcomed and every pain avoided. But in certain circumstances and owing to the claims of duty or the obligations of business it will frequently occur that pleasures have to be repudiated and annoyances accepted. The wise man therefore always holds in these matters to this principle of selection: he rejects pleasures to secure other greater pleasures, or else he endures pains to avoid worse pains.&quot;</p>", "title_tag": "Official Test 4", "date": "2021-07-09", "category": "History", "snippet": "\"Lorem ipsum dolor sit amet, consectetur adipiscing elit, sed do eiusmod tempor incididunt ut labore et dolore magna aliqua. Ut enim ad minim veniam, quis nostrud exercitation ullamco laboris nisi ut aliquip ex ea commodo consequat. Duis aute irure dolor", "header_image": "images/francesco-ungaro-p0h75N9EgqI-unsplash.jpg", "isSuggested": "Normal", "slug": "official-test-4-1", "likes": []}}, {"model": "myblog.post", "pk": 62, "fields": {"title": "Official Test 5", "author": 1, "body": "<p>&nbsp; &nbsp; &nbsp; &nbsp; &nbsp; &nbsp; &nbsp; &nbsp; &nbsp; &nbsp; &nbsp; &nbsp; &nbsp; &nbsp; &nbsp; &nbsp; &nbsp; &nbsp; &nbsp; &nbsp; &nbsp; &nbsp; &nbsp; &nbsp; &nbsp;&nbsp;<img src=\"/media/uploads/2021/07/09/francesco-ungaro-p0h75n9egqi-unsplash_5p4sI6J.jpg\" style=\"height:1050px; width:700px\" /></p>\r\n\r\n<p>&nbsp;</p>\r\n\r\n<p>&quot;Lorem ipsum dolor sit amet, consectetur adipiscing elit, sed do eiusmod tempor incididunt ut labore et dolore magna aliqua. Ut enim ad minim veniam, quis nostrud exercitation ullamco laboris nisi ut aliquip ex ea commodo consequat. Duis aute irure dolor in reprehenderit in voluptate velit esse cillum dolore eu fugiat nulla pariatur. Excepteur sint occaecat cupidatat non proident, sunt in culpa qui officia deserunt mollit anim id est laborum.&quot;</p>\r\n\r\n<h3>Section 1.10.32 of &quot;de Finibus Bonorum et Malorum&quot;, written by Cicero in 45 BC</h3>\r\n\r\n<p>&quot;Sed ut perspiciatis unde omnis iste natus error sit voluptatem accusantium doloremque laudantium, totam rem aperiam, eaque ipsa quae ab illo inventore veritatis et quasi architecto beatae vitae dicta sunt explicabo. Nemo enim ipsam voluptatem quia voluptas sit aspernatur aut odit aut fugit, sed quia consequuntur magni dolores eos qui ratione voluptatem sequi nesciunt. Neque porro quisquam est, qui dolorem ipsum quia dolor sit amet, consectetur, adipisci velit, sed quia non numquam eius modi tempora incidunt ut labore et dolore magnam aliquam quaerat voluptatem. Ut enim ad minima veniam, quis nostrum exercitationem ullam corporis suscipit laboriosam, nisi ut aliquid ex ea commodi consequatur? Quis autem vel eum iure reprehenderit qui in ea voluptate velit esse quam nihil molestiae consequatur, vel illum qui dolorem eum fugiat quo voluptas nulla pariatur?&quot;</p>\r\n\r\n<h3>1914 translation by H. Rackham</h3>\r\n\r\n<p>&quot;But I must explain to you how all this mistaken idea of denouncing pleasure and praising pain was born and I will give you a complete account of the system, and expound the actual teachings of the great explorer of the truth, the master-builder of human happiness. No one rejects, dislikes, or avoids pleasure itself, because it is pleasure, but because those who do not know how to pursue pleasure rationally encounter consequences that are extremely painful. Nor again is there anyone who loves or pursues or desires to obtain pain of itself, because it is pain, but because occasionally circumstances occur in which toil and pain can procure him some great pleasure. To take a trivial example, which of us ever undertakes laborious physical exercise, except to obtain some advantage from it? But who has any right to find fault with a man who chooses to enjoy a pleasure that has no annoying consequences, or one who avoids a pain that produces no resultant pleasure?&quot;</p>\r\n\r\n<h3>Section 1.10.33 of &quot;de Finibus Bonorum et Malorum&quot;, written by Cicero in 45 BC</h3>\r\n\r\n<p>&quot;At vero eos et accusamus et iusto odio dignissimos ducimus qui blanditiis praesentium voluptatum deleniti atque corrupti quos dolores et quas molestias excepturi sint occaecati cupiditate non provident, similique sunt in culpa qui officia deserunt mollitia animi, id est laborum et dolorum fuga. Et harum quidem rerum facilis est et expedita distinctio. Nam libero tempore, cum soluta nobis est eligendi optio cumque nihil impedit quo minus id quod maxime placeat facere possimus, omnis voluptas assumenda est, omnis dolor repellendus. Temporibus autem quibusdam et aut officiis debitis aut rerum necessitatibus saepe eveniet ut et voluptates repudiandae sint et molestiae non recusandae. Itaque earum rerum hic tenetur a sapiente delectus, ut aut reiciendis voluptatibus maiores alias consequatur aut perferendis doloribus asperiores repellat.&quot;</p>\r\n\r\n<h3>1914 translation by H. Rackham</h3>\r\n\r\n<p>&quot;On the other hand, we denounce with righteous indignation and dislike men who are so beguiled and demoralized by the charms of pleasure of the moment, so blinded by desire, that they cannot foresee the pain and trouble that are bound to ensue; and equal blame belongs to those who fail in their duty through weakness of will, which is the same as saying through shrinking from toil and pain. These cases are perfectly simple and easy to distinguish. In a free hour, when our power of choice is untrammelled and when nothing prevents our being able to do what we like best, every pleasure is to be welcomed and every pain avoided. But in certain circumstances and owing to the claims of duty or the obligations of business it will frequently occur that pleasures have to be repudiated and annoyances accepted. The wise man therefore always holds in these matters to this principle of selection: he rejects pleasures to secure other greater pleasures, or else he endures pains to avoid worse pains.&quot;</p>", "title_tag": "Official Test 5", "date": "2021-07-09", "category": "History", "snippet": "\"Lorem ipsum dolor sit amet, consectetur adipiscing elit, sed do eiusmod tempor incididunt ut labore et dolore magna aliqua. Ut enim ad minim veniam, quis nostrud exercitation ullamco laboris nisi ut aliquip ex ea commodo consequat. Duis aute irure dolor", "header_image": "images/francesco-ungaro-p0h75N9EgqI-unsplash_W3fUFPc.jpg", "isSuggested": "Normal", "slug": "official-test-5-1", "likes": []}}, {"model": "myblog.profile", "pk": 1, "fields": {"user": 1, "bio": "Knowing how to write an effective professional bio that clearly outlines your professional accomplishments and other relevant skills and information is important to attract the attention of hiring managers, recruiters, and other like-minded professionals. Luckily, there are a few easy steps you can follow to craft a great bio. Here we explore what a professional bio is, why it’s important, and provide you with several templates and examples of strong professional bios to guide you when writing your own.", "profile_pic": "images/profile/pp.jpeg", "instagram_url": "https://www.instagram.com/", "twitter_url": "https://twitter.com/?lang=tr", "facebook_url": "https://www.facebook.com/", "website_url": ""}}, {"model": "myblog.profile", "pk": 2, "fields": {"user": 3, "bio": "Bob's bio", "profile_pic": "", "instagram_url": "", "twitter_url": "", "facebook_url": "", "website_url": ""}}, {"model": "myblog.profile", "pk": 3, "fields": {"user": 5, "bio": "Bonbon :)", "profile_pic": "", "instagram_url": "", "twitter_url": "", "facebook_url": "", "website_url": ""}}, {"model": "myblog.profile", "pk": 4, "fields": {"user": 6, "bio": "Bill profile", "profile_pic": "", "instagram_url": "", "twitter_url": "", "facebook_url": "", "website_url": "www.bill.com"}}, {"model": "myblog.profile", "pk": 5, "fields": {"user": 7, "bio": "adas", "profile_pic": "", "instagram_url": "", "twitter_url": "", "facebook_url": "", "website_url": ""}}, {"model": "myblog.profile", "pk": 6, "fields": {"user": 8, "bio": "Tommy page", "profile_pic": "", "instagram_url": "", "twitter_url": "", "facebook_url": "", "website_url": ""}}, {"model": "myblog.comment", "pk": 4, "fields": {"post": 42, "name": "Good", "body": "afsafsa", "date_added": "2021-03-29T18:28:34.765Z", "user": 1}}, {"model": "myblog.comment", "pk": 5, "fields": {"post": 42, "name": "Bad", "body": "dsadas", "date_added": "2021-03-29T18:29:39.943Z", "user": 1}}, {"model": "myblog.comment", "pk": 6, "fields": {"post": 42, "name": "Good 2", "body": "dasdsa", "date_added": "2021-03-29T18:30:26.001Z", "user": 1}}, {"model": "myblog.comment", "pk": 7, "fields": {"post": 42, "name": "Bad2", "body": "dsadas", "date_added": "2021-03-29T18:31:13.972Z", "user": 1}}, {"model": "myblog.comment", "pk": 8, "fields": {"post": 44, "name": "Tosu yorumu", "body": "bu yorum tosu tarafından yapılmıştır", "date_added": "2021-03-29T19:14:15.552Z", "user": 1}}, {"model": "myblog.comment", "pk": 9, "fields": {"post": 45, "name": "First Comment", "body": "It was a really nice post. Thanks", "date_added": "2021-04-01T17:36:43.729Z", "user": 1}}, {"model": "myblog.comment", "pk": 10, "fields": {"post": 45, "name": "Secınd Comment", "body": "Thats cool", "date_added": "2021-04-01T17:36:54.461Z", "user": 1}}, {"model": "myblog.comment", "pk": 11, "fields": {"post": 45, "name": "Third Comment", "body": "Thanks a lot, very informative", "date_added": "2021-04-01T17:37:10.720Z", "user": 1}}, {"model": "myblog.comment", "pk": 12, "fields": {"post": 45, "name": "fsfsa", "body": "love u", "date_added": "2021-04-02T09:43:46.963Z", "user": 9}}, {"model": "myblog.comment", "pk": 13, "fields": {"post": 45, "name": "123", "body": "dsadsa", "date_added": "2021-04-02T09:49:14.547Z", "user": 1}}, {"model": "myblog.comment", "pk": 14, "fields": {"post": 45, "name": "abc", "body": "new one", "date_added": "2021-04-02T09:51:30.817Z", "user": 1}}, {"model": "myblog.comment", "pk": 15, "fields": {"post": 45, "name": "no", "body": "here", "date_added": "2021-04-02T09:57:48.973Z", "user": 1}}, {"model": "myblog.comment", "pk": 16, "fields": {"post": 45, "name": "...", "body": "Tosudan tosuya yorum geldi. Love u real", "date_added": "2021-04-02T09:58:25.194Z", "user": 9}}, {"model": "myblog.comment", "pk": 17, "fields": {"post": 48, "name": "bo", "body": "Wooow, it is super!", "date_added": "2021-04-02T10:01:13.401Z", "user": 9}}, {"model": "myblog.comment", "pk": 18, "fields": {"post": 45, "name": "", "body": "third", "date_added": "2021-04-04T09:22:19.989Z", "user": 9}}, {"model": "myblog.comment", "pk": 19, "fields": {"post": 45, "name": "", "body": "dsadsa", "date_added": "2021-04-04T09:35:36.948Z", "user": 9}}, {"model": "myblog.comment", "pk": 20, "fields": {"post": 45, "name": "", "body": "dsa", "date_added": "2021-04-04T09:36:04.511Z", "user": 9}}, {"model": "myblog.comment", "pk": 23, "fields": {"post": 48, "name": "", "body": "dsa", "date_added": "2021-04-04T09:46:39.019Z", "user": 9}}, {"model": "myblog.comment", "pk": 24, "fields": {"post": 48, "name": "", "body": "dsa", "date_added": "2021-04-04T09:46:57.637Z", "user": 9}}, {"model": "myblog.comment", "pk": 25, "fields": {"post": 48, "name": "", "body": "dsads", "date_added": "2021-04-04T09:48:25.074Z", "user": 9}}, {"model": "myblog.comment", "pk": 26, "fields": {"post": 48, "name": "", "body": "dsa", "date_added": "2021-04-04T09:49:34.883Z", "user": 9}}, {"model": "myblog.comment", "pk": 27, "fields": {"post": 48, "name": "", "body": "frre", "date_added": "2021-04-04T09:49:54.567Z", "user": 9}}, {"model": "myblog.comment", "pk": 28, "fields": {"post": 46, "name": "", "body": "dsadsa", "date_added": "2021-04-04T13:39:21.215Z", "user": 1}}, {"model": "myblog.comment", "pk": 29, "fields": {"post": 45, "name": "", "body": "Love u real tontooo", "date_added": "2021-04-05T15:53:39.189Z", "user": 9}}, {"model": "myblog.comment", "pk": 30, "fields": {"post": 45, "name": "", "body": "control1", "date_added": "2021-04-08T08:25:02.628Z", "user": 9}}, {"model": "myblog.comment", "pk": 31, "fields": {"post": 45, "name": "", "body": "control2", "date_added": "2021-04-08T08:25:38.049Z", "user": 9}}, {"model": "myblog.comment", "pk": 32, "fields": {"post": 44, "name": "", "body": "comment-control1", "date_added": "2021-04-08T08:28:29.977Z", "user": 1}}, {"model": "myblog.comment", "pk": 33, "fields": {"post": 44, "name": "", "body": "comment-control1", "date_added": "2021-04-08T08:28:31.760Z", "user": 1}}, {"model": "myblog.comment", "pk": 34, "fields": {"post": 44, "name": "", "body": "comment-control2", "date_added": "2021-04-08T08:28:36.161Z", "user": 1}}, {"model": "myblog.comment", "pk": 35, "fields": {"post": 44, "name": "", "body": "comment-control3", "date_added": "2021-04-08T08:28:39.752Z", "user": 1}}, {"model": "myblog.comment", "pk": 36, "fields": {"post": 44, "name": "", "body": "comment-control4", "date_added": "2021-04-08T08:28:43.642Z", "user": 1}}, {"model": "myblog.comment", "pk": 37, "fields": {"post": 44, "name": "", "body": "comment-control5", "date_added": "2021-04-08T08:28:46.304Z", "user": 1}}, {"model": "myblog.comment", "pk": 38, "fields": {"post": 44, "name": "", "body": "comment-control6", "date_added": "2021-04-08T08:28:50.040Z", "user": 1}}, {"model": "myblog.comment", "pk": 39, "fields": {"post": 44, "name": "", "body": "comment-control7", "date_added": "2021-04-08T08:28:53.813Z", "user": 1}}, {"model": "myblog.comment", "pk": 40, "fields": {"post": 44, "name": "", "body": "comment-control8", "date_added": "2021-04-08T08:29:00.861Z", "user": 1}}, {"model": "myblog.comment", "pk": 41, "fields": {"post": 44, "name": "", "body": "comment-control9", "date_added": "2021-04-08T08:29:04.597Z", "user": 1}}, {"model": "myblog.comment", "pk": 42, "fields": {"post": 44, "name": "", "body": "comment-control10", "date_added": "2021-04-08T08:29:07.919Z", "user": 1}}, {"model": "myblog.comment", "pk": 43, "fields": {"post": 44, "name": "", "body": "comment-control11", "date_added": "2021-04-08T08:29:09.953Z", "user": 1}}, {"model": "myblog.comment", "pk": 44, "fields": {"post": 44, "name": "", "body": "comment-control12", "date_added": "2021-04-08T08:29:12.140Z", "user": 1}}, {"model": "myblog.comment", "pk": 45, "fields": {"post": 44, "name": "", "body": "comment-control13", "date_added": "2021-04-08T08:29:14.243Z", "user": 1}}, {"model": "myblog.comment", "pk": 46, "fields": {"post": 44, "name": "", "body": "comment-control14", "date_added": "2021-04-08T08:29:17.014Z", "user": 1}}, {"model": "myblog.comment", "pk": 47, "fields": {"post": 44, "name": "", "body": "dasdsa", "date_added": "2021-04-08T09:48:43.963Z", "user": 9}}, {"model": "myblog.comment", "pk": 48, "fields": {"post": 44, "name": "", "body": "dasds", "date_added": "2021-04-08T10:24:20.978Z", "user": 9}}, {"model": "myblog.comment", "pk": 49, "fields": {"post": 44, "name": "", "body": "dasdas", "date_added": "2021-04-08T10:32:03.774Z", "user": 9}}, {"model": "myblog.comment", "pk": 50, "fields": {"post": 44, "name": "", "body": "new comm1", "date_added": "2021-04-08T12:09:35.720Z", "user": 1}}, {"model": "myblog.comment", "pk": 51, "fields": {"post": 44, "name": "", "body": "new comm2", "date_added": "2021-04-08T12:09:40.099Z", "user": 1}}, {"model": "myblog.comment", "pk": 52, "fields": {"post": 44, "name": "", "body": "neww comm3", "date_added": "2021-04-08T12:09:45.271Z", "user": 1}}, {"model": "myblog.comment", "pk": 53, "fields": {"post": 44, "name": "", "body": "new comm4", "date_added": "2021-04-08T12:09:56.378Z", "user": 1}}, {"model": "myblog.comment", "pk": 54, "fields": {"post": 45, "name": "", "body": "dasdsa", "date_added": "2021-04-08T12:44:08.954Z", "user": 9}}, {"model": "myblog.comment", "pk": 55, "fields": {"post": 45, "name": "", "body": "dasdsa", "date_added": "2021-04-08T12:45:24.909Z", "user": 9}}, {"model": "myblog.comment", "pk": 56, "fields": {"post": 48, "name": "", "body": "good post!", "date_added": "2021-04-09T10:14:04.742Z", "user": 1}}, {"model": "myblog.comment", "pk": 57, "fields": {"post": 48, "name": "", "body": "baya iyi wooow", "date_added": "2021-04-09T10:43:56.416Z", "user": 1}}, {"model": "myblog.comment", "pk": 58, "fields": {"post": 45, "name": "", "body": "comment1", "date_added": "2021-05-08T13:55:47.200Z", "user": 1}}, {"model": "myblog.comment", "pk": 59, "fields": {"post": 45, "name": "", "body": "comment", "date_added": "2021-05-08T13:56:14.069Z", "user": 1}}]